unidade,adm2_nome,papel,ano,area_primeira_deteccao_km2,n_pixels,selo,nivel_fonte,fonte,nota
tete_aoi,Cidade de Tete,tratada,1985,26.211755248071487,29157,observado,A,"DLR World Settlement Footprint Evolution (30 m, 1985-2015)","TAXA de primeira deteccao, nao estoque. O acumulado e monotonico por construcao (ADR 0008 emenda, ADR 0013): nenhuma contracao e detectavel nesta serie."
tete_aoi,Cidade de Tete,tratada,1986,0.0,0,observado,A,"DLR World Settlement Footprint Evolution (30 m, 1985-2015)","TAXA de primeira deteccao, nao estoque. O acumulado e monotonico por construcao (ADR 0008 emenda, ADR 0013): nenhuma contracao e detectavel nesta serie."
tete_aoi,Cidade de Tete,tratada,1987,0.0,0,observado,A,"DLR World Settlement Footprint Evolution (30 m, 1985-2015)","TAXA de primeira deteccao, nao estoque. O acumulado e monotonico por construcao (ADR 0008 emenda, ADR 0013): nenhuma contracao e detectavel nesta serie."
tete_aoi,Cidade de Tete,tratada,1988,0.0,0,observado,A,"DLR World Settlement Footprint Evolution (30 m, 1985-2015)","TAXA de primeira deteccao, nao estoque. O acumulado e monotonico por construcao (ADR 0008 emenda, ADR 0013): nenhuma contracao e detectavel nesta serie."
tete_aoi,Cidade de Tete,tratada,1989,1.497323981416203,1666,observado,A,"DLR World Settlement Footprint Evolution (30 m, 1985-2015)","TAXA de primeira deteccao, nao estoque. O acumulado e monotonico por construcao (ADR 0008 emenda, ADR 0013): nenhuma contracao e detectavel nesta serie."
tete_aoi,Cidade de Tete,tratada,1990,1.6372688260095751,1821,observado,A,"DLR World Settlement Footprint Evolution (30 m, 1985-2015)","TAXA de primeira deteccao, nao estoque. O acumulado e monotonico por construcao (ADR 0008 emenda, ADR 0013): nenhuma contracao e detectavel nesta serie."
tete_aoi,Cidade de Tete,tratada,1991,0.5237199705641535,583,observado,A,"DLR World Settlement Footprint Evolution (30 m, 1985-2015)","TAXA de primeira deteccao, nao estoque. O acumulado e monotonico por construcao (ADR 0008 emenda, ADR 0013): nenhuma contracao e detectavel nesta serie."
tete_aoi,Cidade de Tete,tratada,1992,0.13908628726457847,155,observado,A,"DLR World Settlement Footprint Evolution (30 m, 1985-2015)","TAXA de primeira deteccao, nao estoque. O acumulado e monotonico por construcao (ADR 0008 emenda, ADR 0013): nenhuma contracao e detectavel nesta serie."
tete_aoi,Cidade de Tete,tratada,1993,0.6499278978968266,723,observado,A,"DLR World Settlement Footprint Evolution (30 m, 1985-2015)","TAXA de primeira deteccao, nao estoque. O acumulado e monotonico por construcao (ADR 0008 emenda, ADR 0013): nenhuma contracao e detectavel nesta serie."
tete_aoi,Cidade de Tete,tratada,1994,0.3494328328190336,389,observado,A,"DLR World Settlement Footprint Evolution (30 m, 1985-2015)","TAXA de primeira deteccao, nao estoque. O acumulado e monotonico por construcao (ADR 0008 emenda, ADR 0013): nenhuma contracao e detectavel nesta serie."
tete_aoi,Cidade de Tete,tratada,1995,0.3434229315174777,382,observado,A,"DLR World Settlement Footprint Evolution (30 m, 1985-2015)","TAXA de primeira deteccao, nao estoque. O acumulado e monotonico por construcao (ADR 0008 emenda, ADR 0013): nenhuma contracao e detectavel nesta serie."
tete_aoi,Cidade de Tete,tratada,1996,0.9117878831789034,1014,observado,A,"DLR World Settlement Footprint Evolution (30 m, 1985-2015)","TAXA de primeira deteccao, nao estoque. O acumulado e monotonico por construcao (ADR 0008 emenda, ADR 0013): nenhuma contracao e detectavel nesta serie."
tete_aoi,Cidade de Tete,tratada,1997,0.36145263542214534,402,observado,A,"DLR World Settlement Footprint Evolution (30 m, 1985-2015)","TAXA de primeira deteccao, nao estoque. O acumulado e monotonico por construcao (ADR 0008 emenda, ADR 0013): nenhuma contracao e detectavel nesta serie."
tete_aoi,Cidade de Tete,tratada,1998,0.9495644056458259,1056,observado,A,"DLR World Settlement Footprint Evolution (30 m, 1985-2015)","TAXA de primeira deteccao, nao estoque. O acumulado e monotonico por construcao (ADR 0008 emenda, ADR 0013): nenhuma contracao e detectavel nesta serie."
tete_aoi,Cidade de Tete,tratada,1999,0.13050071397664154,145,observado,A,"DLR World Settlement Footprint Evolution (30 m, 1985-2015)","TAXA de primeira deteccao, nao estoque. O acumulado e monotonico por construcao (ADR 0008 emenda, ADR 0013): nenhuma contracao e detectavel nesta serie."
tete_aoi,Cidade de Tete,tratada,2000,0.4885191200836121,543,observado,A,"DLR World Settlement Footprint Evolution (30 m, 1985-2015)","TAXA de primeira deteccao, nao estoque. O acumulado e monotonico por construcao (ADR 0008 emenda, ADR 0013): nenhuma contracao e detectavel nesta serie."
tete_aoi,Cidade de Tete,tratada,2001,0.5554865917295202,618,observado,A,"DLR World Settlement Footprint Evolution (30 m, 1985-2015)","TAXA de primeira deteccao, nao estoque. O acumulado e monotonico por construcao (ADR 0008 emenda, ADR 0013): nenhuma contracao e detectavel nesta serie."
tete_aoi,Cidade de Tete,tratada,2002,1.2449081267508568,1385,observado,A,"DLR World Settlement Footprint Evolution (30 m, 1985-2015)","TAXA de primeira deteccao, nao estoque. O acumulado e monotonico por construcao (ADR 0008 emenda, ADR 0013): nenhuma contracao e detectavel nesta serie."
tete_aoi,Cidade de Tete,tratada,2003,1.4509618856613435,1614,observado,A,"DLR World Settlement Footprint Evolution (30 m, 1985-2015)","TAXA de primeira deteccao, nao estoque. O acumulado e monotonico por construcao (ADR 0008 emenda, ADR 0013): nenhuma contracao e detectavel nesta serie."
tete_aoi,Cidade de Tete,tratada,2004,0.9675941095504935,1076,observado,A,"DLR World Settlement Footprint Evolution (30 m, 1985-2015)","TAXA de primeira deteccao, nao estoque. O acumulado e monotonico por construcao (ADR 0008 emenda, ADR 0013): nenhuma contracao e detectavel nesta serie."
tete_aoi,Cidade de Tete,tratada,2005,0.4516011549454832,502,observado,A,"DLR World Settlement Footprint Evolution (30 m, 1985-2015)","TAXA de primeira deteccao, nao estoque. O acumulado e monotonico por construcao (ADR 0008 emenda, ADR 0013): nenhuma contracao e detectavel nesta serie."
tete_aoi,Cidade de Tete,tratada,2006,1.5170707999784578,1688,observado,A,"DLR World Settlement Footprint Evolution (30 m, 1985-2015)","TAXA de primeira deteccao, nao estoque. O acumulado e monotonico por construcao (ADR 0008 emenda, ADR 0013): nenhuma contracao e detectavel nesta serie."
tete_aoi,Cidade de Tete,tratada,2007,0.22751769213032902,253,observado,A,"DLR World Settlement Footprint Evolution (30 m, 1985-2015)","TAXA de primeira deteccao, nao estoque. O acumulado e monotonico por construcao (ADR 0008 emenda, ADR 0013): nenhuma contracao e detectavel nesta serie."
tete_aoi,Cidade de Tete,tratada,2008,0.9426959470154764,1049,observado,A,"DLR World Settlement Footprint Evolution (30 m, 1985-2015)","TAXA de primeira deteccao, nao estoque. O acumulado e monotonico por construcao (ADR 0008 emenda, ADR 0013): nenhuma contracao e detectavel nesta serie."
tete_aoi,Cidade de Tete,tratada,2009,2.2021995483558263,2450,observado,A,"DLR World Settlement Footprint Evolution (30 m, 1985-2015)","TAXA de primeira deteccao, nao estoque. O acumulado e monotonico por construcao (ADR 0008 emenda, ADR 0013): nenhuma contracao e detectavel nesta serie."
tete_aoi,Cidade de Tete,tratada,2010,1.997004346774133,2221,observado,A,"DLR World Settlement Footprint Evolution (30 m, 1985-2015)","TAXA de primeira deteccao, nao estoque. O acumulado e monotonico por construcao (ADR 0008 emenda, ADR 0013): nenhuma contracao e detectavel nesta serie."
tete_aoi,Cidade de Tete,tratada,2011,3.0410100585872653,3383,observado,A,"DLR World Settlement Footprint Evolution (30 m, 1985-2015)","TAXA de primeira deteccao, nao estoque. O acumulado e monotonico por construcao (ADR 0008 emenda, ADR 0013): nenhuma contracao e detectavel nesta serie."
tete_aoi,Cidade de Tete,tratada,2012,2.1927554177390953,2439,observado,A,"DLR World Settlement Footprint Evolution (30 m, 1985-2015)","TAXA de primeira deteccao, nao estoque. O acumulado e monotonico por construcao (ADR 0008 emenda, ADR 0013): nenhuma contracao e detectavel nesta serie."
tete_aoi,Cidade de Tete,tratada,2013,1.3556620221652433,1508,observado,A,"DLR World Settlement Footprint Evolution (30 m, 1985-2015)","TAXA de primeira deteccao, nao estoque. O acumulado e monotonico por construcao (ADR 0008 emenda, ADR 0013): nenhuma contracao e detectavel nesta serie."
tete_aoi,Cidade de Tete,tratada,2014,2.2245220389044618,2474,observado,A,"DLR World Settlement Footprint Evolution (30 m, 1985-2015)","TAXA de primeira deteccao, nao estoque. O acumulado e monotonico por construcao (ADR 0008 emenda, ADR 0013): nenhuma contracao e detectavel nesta serie."
tete_aoi,Cidade de Tete,tratada,2015,1.7660524253286294,1964,observado,A,"DLR World Settlement Footprint Evolution (30 m, 1985-2015)","TAXA de primeira deteccao, nao estoque. O acumulado e monotonico por construcao (ADR 0008 emenda, ADR 0013): nenhuma contracao e detectavel nesta serie."
chimoio,Cidade de Chimoio,controle,1985,17.354134677107325,19304,observado,A,"DLR World Settlement Footprint Evolution (30 m, 1985-2015)","TAXA de primeira deteccao, nao estoque. O acumulado e monotonico por construcao (ADR 0008 emenda, ADR 0013): nenhuma contracao e detectavel nesta serie."
chimoio,Cidade de Chimoio,controle,1986,0.0,0,observado,A,"DLR World Settlement Footprint Evolution (30 m, 1985-2015)","TAXA de primeira deteccao, nao estoque. O acumulado e monotonico por construcao (ADR 0008 emenda, ADR 0013): nenhuma contracao e detectavel nesta serie."
chimoio,Cidade de Chimoio,controle,1987,0.0,0,observado,A,"DLR World Settlement Footprint Evolution (30 m, 1985-2015)","TAXA de primeira deteccao, nao estoque. O acumulado e monotonico por construcao (ADR 0008 emenda, ADR 0013): nenhuma contracao e detectavel nesta serie."
chimoio,Cidade de Chimoio,controle,1988,0.026184083276079385,29,observado,A,"DLR World Settlement Footprint Evolution (30 m, 1985-2015)","TAXA de primeira deteccao, nao estoque. O acumulado e monotonico por construcao (ADR 0008 emenda, ADR 0013): nenhuma contracao e detectavel nesta serie."
chimoio,Cidade de Chimoio,controle,1989,2.0947266620863507,2330,observado,A,"DLR World Settlement Footprint Evolution (30 m, 1985-2015)","TAXA de primeira deteccao, nao estoque. O acumulado e monotonico por construcao (ADR 0008 emenda, ADR 0013): nenhuma contracao e detectavel nesta serie."
chimoio,Cidade de Chimoio,controle,1990,1.0541205138240992,1173,observado,A,"DLR World Settlement Footprint Evolution (30 m, 1985-2015)","TAXA de primeira deteccao, nao estoque. O acumulado e monotonico por construcao (ADR 0008 emenda, ADR 0013): nenhuma contracao e detectavel nesta serie."
chimoio,Cidade de Chimoio,controle,1991,0.24579252365610005,273,observado,A,"DLR World Settlement Footprint Evolution (30 m, 1985-2015)","TAXA de primeira deteccao, nao estoque. O acumulado e monotonico por construcao (ADR 0008 emenda, ADR 0013): nenhuma contracao e detectavel nesta serie."
chimoio,Cidade de Chimoio,controle,1992,0.2905588595797196,323,observado,A,"DLR World Settlement Footprint Evolution (30 m, 1985-2015)","TAXA de primeira deteccao, nao estoque. O acumulado e monotonico por construcao (ADR 0008 emenda, ADR 0013): nenhuma contracao e detectavel nesta serie."
chimoio,Cidade de Chimoio,controle,1993,0.4392168807600413,489,observado,A,"DLR World Settlement Footprint Evolution (30 m, 1985-2015)","TAXA de primeira deteccao, nao estoque. O acumulado e monotonico por construcao (ADR 0008 emenda, ADR 0013): nenhuma contracao e detectavel nesta serie."
chimoio,Cidade de Chimoio,controle,1994,0.3952951926840372,440,observado,A,"DLR World Settlement Footprint Evolution (30 m, 1985-2015)","TAXA de primeira deteccao, nao estoque. O acumulado e monotonico por construcao (ADR 0008 emenda, ADR 0013): nenhuma contracao e detectavel nesta serie."
chimoio,Cidade de Chimoio,controle,1995,0.11487210727570311,128,observado,A,"DLR World Settlement Footprint Evolution (30 m, 1985-2015)","TAXA de primeira deteccao, nao estoque. O acumulado e monotonico por construcao (ADR 0008 emenda, ADR 0013): nenhuma contracao e detectavel nesta serie."
chimoio,Cidade de Chimoio,controle,1996,0.24241393226563818,270,observado,A,"DLR World Settlement Footprint Evolution (30 m, 1985-2015)","TAXA de primeira deteccao, nao estoque. O acumulado e monotonico por construcao (ADR 0008 emenda, ADR 0013): nenhuma contracao e detectavel nesta serie."
chimoio,Cidade de Chimoio,controle,1997,0.33701449119857013,375,observado,A,"DLR World Settlement Footprint Evolution (30 m, 1985-2015)","TAXA de primeira deteccao, nao estoque. O acumulado e monotonico por construcao (ADR 0008 emenda, ADR 0013): nenhuma contracao e detectavel nesta serie."
chimoio,Cidade de Chimoio,controle,1998,0.9189768582056249,1022,observado,A,"DLR World Settlement Footprint Evolution (30 m, 1985-2015)","TAXA de primeira deteccao, nao estoque. O acumulado e monotonico por construcao (ADR 0008 emenda, ADR 0013): nenhuma contracao e detectavel nesta serie."
chimoio,Cidade de Chimoio,controle,1999,0.5363513832358197,597,observado,A,"DLR World Settlement Footprint Evolution (30 m, 1985-2015)","TAXA de primeira deteccao, nao estoque. O acumulado e monotonico por construcao (ADR 0008 emenda, ADR 0013): nenhuma contracao e detectavel nesta serie."
chimoio,Cidade de Chimoio,controle,2000,0.7610277107015331,847,observado,A,"DLR World Settlement Footprint Evolution (30 m, 1985-2015)","TAXA de primeira deteccao, nao estoque. O acumulado e monotonico por construcao (ADR 0008 emenda, ADR 0013): nenhuma contracao e detectavel nesta serie."
chimoio,Cidade de Chimoio,controle,2001,0.6486895469686764,722,observado,A,"DLR World Settlement Footprint Evolution (30 m, 1985-2015)","TAXA de primeira deteccao, nao estoque. O acumulado e monotonico por construcao (ADR 0008 emenda, ADR 0013): nenhuma contracao e detectavel nesta serie."
chimoio,Cidade de Chimoio,controle,2002,0.24072463657040727,268,observado,A,"DLR World Settlement Footprint Evolution (30 m, 1985-2015)","TAXA de primeira deteccao, nao estoque. O acumulado e monotonico por construcao (ADR 0008 emenda, ADR 0013): nenhuma contracao e detectavel nesta serie."
chimoio,Cidade de Chimoio,controle,2003,1.223050083347192,1360,observado,A,"DLR World Settlement Footprint Evolution (30 m, 1985-2015)","TAXA de primeira deteccao, nao estoque. O acumulado e monotonico por construcao (ADR 0008 emenda, ADR 0013): nenhuma contracao e detectavel nesta serie."
chimoio,Cidade de Chimoio,controle,2004,1.2238947311948074,1361,observado,A,"DLR World Settlement Footprint Evolution (30 m, 1985-2015)","TAXA de primeira deteccao, nao estoque. O acumulado e monotonico por construcao (ADR 0008 emenda, ADR 0013): nenhuma contracao e detectavel nesta serie."
chimoio,Cidade de Chimoio,controle,2005,0.5050994128740475,562,observado,A,"DLR World Settlement Footprint Evolution (30 m, 1985-2015)","TAXA de primeira deteccao, nao estoque. O acumulado e monotonico por construcao (ADR 0008 emenda, ADR 0013): nenhuma contracao e detectavel nesta serie."
chimoio,Cidade de Chimoio,controle,2006,1.443503171574828,1606,observado,A,"DLR World Settlement Footprint Evolution (30 m, 1985-2015)","TAXA de primeira deteccao, nao estoque. O acumulado e monotonico por construcao (ADR 0008 emenda, ADR 0013): nenhuma contracao e detectavel nesta serie."
chimoio,Cidade de Chimoio,controle,2007,0.7492026408349166,833,observado,A,"DLR World Settlement Footprint Evolution (30 m, 1985-2015)","TAXA de primeira deteccao, nao estoque. O acumulado e monotonico por construcao (ADR 0008 emenda, ADR 0013): nenhuma contracao e detectavel nesta serie."
chimoio,Cidade de Chimoio,controle,2008,1.2551467015565796,1396,observado,A,"DLR World Settlement Footprint Evolution (30 m, 1985-2015)","TAXA de primeira deteccao, nao estoque. O acumulado e monotonico por construcao (ADR 0008 emenda, ADR 0013): nenhuma contracao e detectavel nesta serie."
chimoio,Cidade de Chimoio,controle,2009,1.7501103402592415,1947,observado,A,"DLR World Settlement Footprint Evolution (30 m, 1985-2015)","TAXA de primeira deteccao, nao estoque. O acumulado e monotonico por construcao (ADR 0008 emenda, ADR 0013): nenhuma contracao e detectavel nesta serie."
chimoio,Cidade de Chimoio,controle,2010,0.9088410840342394,1011,observado,A,"DLR World Settlement Footprint Evolution (30 m, 1985-2015)","TAXA de primeira deteccao, nao estoque. O acumulado e monotonico por construcao (ADR 0008 emenda, ADR 0013): nenhuma contracao e detectavel nesta serie."
chimoio,Cidade de Chimoio,controle,2011,2.002660046696265,2228,observado,A,"DLR World Settlement Footprint Evolution (30 m, 1985-2015)","TAXA de primeira deteccao, nao estoque. O acumulado e monotonico por construcao (ADR 0008 emenda, ADR 0013): nenhuma contracao e detectavel nesta serie."
chimoio,Cidade de Chimoio,controle,2012,0.671495038854294,747,observado,A,"DLR World Settlement Footprint Evolution (30 m, 1985-2015)","TAXA de primeira deteccao, nao estoque. O acumulado e monotonico por construcao (ADR 0008 emenda, ADR 0013): nenhuma contracao e detectavel nesta serie."
chimoio,Cidade de Chimoio,controle,2013,2.2737920057808294,2529,observado,A,"DLR World Settlement Footprint Evolution (30 m, 1985-2015)","TAXA de primeira deteccao, nao estoque. O acumulado e monotonico por construcao (ADR 0008 emenda, ADR 0013): nenhuma contracao e detectavel nesta serie."
chimoio,Cidade de Chimoio,controle,2014,1.4012707791940548,1559,observado,A,"DLR World Settlement Footprint Evolution (30 m, 1985-2015)","TAXA de primeira deteccao, nao estoque. O acumulado e monotonico por construcao (ADR 0008 emenda, ADR 0013): nenhuma contracao e detectavel nesta serie."
chimoio,Cidade de Chimoio,controle,2015,0.715416726930298,796,observado,A,"DLR World Settlement Footprint Evolution (30 m, 1985-2015)","TAXA de primeira deteccao, nao estoque. O acumulado e monotonico por construcao (ADR 0008 emenda, ADR 0013): nenhuma contracao e detectavel nesta serie."
quelimane,Quelimane,controle,1985,8.2291413316994,9154,observado,A,"DLR World Settlement Footprint Evolution (30 m, 1985-2015)","TAXA de primeira deteccao, nao estoque. O acumulado e monotonico por construcao (ADR 0008 emenda, ADR 0013): nenhuma contracao e detectavel nesta serie."
quelimane,Quelimane,controle,1986,0.0,0,observado,A,"DLR World Settlement Footprint Evolution (30 m, 1985-2015)","TAXA de primeira deteccao, nao estoque. O acumulado e monotonico por construcao (ADR 0008 emenda, ADR 0013): nenhuma contracao e detectavel nesta serie."
quelimane,Quelimane,controle,1987,0.0,0,observado,A,"DLR World Settlement Footprint Evolution (30 m, 1985-2015)","TAXA de primeira deteccao, nao estoque. O acumulado e monotonico por construcao (ADR 0008 emenda, ADR 0013): nenhuma contracao e detectavel nesta serie."
quelimane,Quelimane,controle,1988,0.22121347665858604,246,observado,A,"DLR World Settlement Footprint Evolution (30 m, 1985-2015)","TAXA de primeira deteccao, nao estoque. O acumulado e monotonico por construcao (ADR 0008 emenda, ADR 0013): nenhuma contracao e detectavel nesta serie."
quelimane,Quelimane,controle,1989,1.2217790480066522,1359,observado,A,"DLR World Settlement Footprint Evolution (30 m, 1985-2015)","TAXA de primeira deteccao, nao estoque. O acumulado e monotonico por construcao (ADR 0008 emenda, ADR 0013): nenhuma contracao e detectavel nesta serie."
quelimane,Quelimane,controle,1990,0.37606291031959627,418,observado,A,"DLR World Settlement Footprint Evolution (30 m, 1985-2015)","TAXA de primeira deteccao, nao estoque. O acumulado e monotonico por construcao (ADR 0008 emenda, ADR 0013): nenhuma contracao e detectavel nesta serie."
quelimane,Quelimane,controle,1991,0.3530907415896662,393,observado,A,"DLR World Settlement Footprint Evolution (30 m, 1985-2015)","TAXA de primeira deteccao, nao estoque. O acumulado e monotonico por construcao (ADR 0008 emenda, ADR 0013): nenhuma contracao e detectavel nesta serie."
quelimane,Quelimane,controle,1992,0.3667038786148099,408,observado,A,"DLR World Settlement Footprint Evolution (30 m, 1985-2015)","TAXA de primeira deteccao, nao estoque. O acumulado e monotonico por construcao (ADR 0008 emenda, ADR 0013): nenhuma contracao e detectavel nesta serie."
quelimane,Quelimane,controle,1993,0.4424269533171721,492,observado,A,"DLR World Settlement Footprint Evolution (30 m, 1985-2015)","TAXA de primeira deteccao, nao estoque. O acumulado e monotonico por construcao (ADR 0008 emenda, ADR 0013): nenhuma contracao e detectavel nesta serie."
quelimane,Quelimane,controle,1994,0.10975591726522153,122,observado,A,"DLR World Settlement Footprint Evolution (30 m, 1985-2015)","TAXA de primeira deteccao, nao estoque. O acumulado e monotonico por construcao (ADR 0008 emenda, ADR 0013): nenhuma contracao e detectavel nesta serie."
quelimane,Quelimane,controle,1995,0.10635263300893559,118,observado,A,"DLR World Settlement Footprint Evolution (30 m, 1985-2015)","TAXA de primeira deteccao, nao estoque. O acumulado e monotonico por construcao (ADR 0008 emenda, ADR 0013): nenhuma contracao e detectavel nesta serie."
quelimane,Quelimane,controle,1996,0.19228556048015555,214,observado,A,"DLR World Settlement Footprint Evolution (30 m, 1985-2015)","TAXA de primeira deteccao, nao estoque. O acumulado e monotonico por construcao (ADR 0008 emenda, ADR 0013): nenhuma contracao e detectavel nesta serie."
quelimane,Quelimane,controle,1997,0.2892791617843048,322,observado,A,"DLR World Settlement Footprint Evolution (30 m, 1985-2015)","TAXA de primeira deteccao, nao estoque. O acumulado e monotonico por construcao (ADR 0008 emenda, ADR 0013): nenhuma contracao e detectavel nesta serie."
quelimane,Quelimane,controle,1998,0.2909808039124478,324,observado,A,"DLR World Settlement Footprint Evolution (30 m, 1985-2015)","TAXA de primeira deteccao, nao estoque. O acumulado e monotonico por construcao (ADR 0008 emenda, ADR 0013): nenhuma contracao e detectavel nesta serie."
quelimane,Quelimane,controle,1999,0.21270526601787118,237,observado,A,"DLR World Settlement Footprint Evolution (30 m, 1985-2015)","TAXA de primeira deteccao, nao estoque. O acumulado e monotonico por construcao (ADR 0008 emenda, ADR 0013): nenhuma contracao e detectavel nesta serie."
quelimane,Quelimane,controle,2000,0.279069309015447,310,observado,A,"DLR World Settlement Footprint Evolution (30 m, 1985-2015)","TAXA de primeira deteccao, nao estoque. O acumulado e monotonico por construcao (ADR 0008 emenda, ADR 0013): nenhuma contracao e detectavel nesta serie."
quelimane,Quelimane,controle,2001,0.359897310102238,400,observado,A,"DLR World Settlement Footprint Evolution (30 m, 1985-2015)","TAXA de primeira deteccao, nao estoque. O acumulado e monotonico por construcao (ADR 0008 emenda, ADR 0013): nenhuma contracao e detectavel nesta serie."
quelimane,Quelimane,controle,2002,0.222915118786729,248,observado,A,"DLR World Settlement Footprint Evolution (30 m, 1985-2015)","TAXA de primeira deteccao, nao estoque. O acumulado e monotonico por construcao (ADR 0008 emenda, ADR 0013): nenhuma contracao e detectavel nesta serie."
quelimane,Quelimane,controle,2003,0.8159374004445539,908,observado,A,"DLR World Settlement Footprint Evolution (30 m, 1985-2015)","TAXA de primeira deteccao, nao estoque. O acumulado e monotonico por construcao (ADR 0008 emenda, ADR 0013): nenhuma contracao e detectavel nesta serie."
quelimane,Quelimane,controle,2004,0.5249565965321061,584,observado,A,"DLR World Settlement Footprint Evolution (30 m, 1985-2015)","TAXA de primeira deteccao, nao estoque. O acumulado e monotonico por construcao (ADR 0008 emenda, ADR 0013): nenhuma contracao e detectavel nesta serie."
quelimane,Quelimane,controle,2005,1.0192836347576388,1134,observado,A,"DLR World Settlement Footprint Evolution (30 m, 1985-2015)","TAXA de primeira deteccao, nao estoque. O acumulado e monotonico por construcao (ADR 0008 emenda, ADR 0013): nenhuma contracao e detectavel nesta serie."
quelimane,Quelimane,controle,2006,0.7010765567949034,780,observado,A,"DLR World Settlement Footprint Evolution (30 m, 1985-2015)","TAXA de primeira deteccao, nao estoque. O acumulado e monotonico por construcao (ADR 0008 emenda, ADR 0013): nenhuma contracao e detectavel nesta serie."
quelimane,Quelimane,controle,2007,0.6687453563601871,744,observado,A,"DLR World Settlement Footprint Evolution (30 m, 1985-2015)","TAXA de primeira deteccao, nao estoque. O acumulado e monotonico por construcao (ADR 0008 emenda, ADR 0013): nenhuma contracao e detectavel nesta serie."
quelimane,Quelimane,controle,2008,0.5726025761201092,637,observado,A,"DLR World Settlement Footprint Evolution (30 m, 1985-2015)","TAXA de primeira deteccao, nao estoque. O acumulado e monotonico por construcao (ADR 0008 emenda, ADR 0013): nenhuma contracao e detectavel nesta serie."
quelimane,Quelimane,controle,2009,0.5130451016351053,571,observado,A,"DLR World Settlement Footprint Evolution (30 m, 1985-2015)","TAXA de primeira deteccao, nao estoque. O acumulado e monotonico por construcao (ADR 0008 emenda, ADR 0013): nenhuma contracao e detectavel nesta serie."
quelimane,Quelimane,controle,2010,0.8099816529960535,901,observado,A,"DLR World Settlement Footprint Evolution (30 m, 1985-2015)","TAXA de primeira deteccao, nao estoque. O acumulado e monotonico por construcao (ADR 0008 emenda, ADR 0013): nenhuma contracao e detectavel nesta serie."
quelimane,Quelimane,controle,2011,0.11230838045743599,125,observado,A,"DLR World Settlement Footprint Evolution (30 m, 1985-2015)","TAXA de primeira deteccao, nao estoque. O acumulado e monotonico por construcao (ADR 0008 emenda, ADR 0013): nenhuma contracao e detectavel nesta serie."
quelimane,Quelimane,controle,2012,0.26545617199030325,295,observado,A,"DLR World Settlement Footprint Evolution (30 m, 1985-2015)","TAXA de primeira deteccao, nao estoque. O acumulado e monotonico por construcao (ADR 0008 emenda, ADR 0013): nenhuma contracao e detectavel nesta serie."
quelimane,Quelimane,controle,2013,0.2577987824136599,287,observado,A,"DLR World Settlement Footprint Evolution (30 m, 1985-2015)","TAXA de primeira deteccao, nao estoque. O acumulado e monotonico por construcao (ADR 0008 emenda, ADR 0013): nenhuma contracao e detectavel nesta serie."
quelimane,Quelimane,controle,2014,0.279069309015447,310,observado,A,"DLR World Settlement Footprint Evolution (30 m, 1985-2015)","TAXA de primeira deteccao, nao estoque. O acumulado e monotonico por construcao (ADR 0008 emenda, ADR 0013): nenhuma contracao e detectavel nesta serie."
quelimane,Quelimane,controle,2015,0.43902366906088613,488,observado,A,"DLR World Settlement Footprint Evolution (30 m, 1985-2015)","TAXA de primeira deteccao, nao estoque. O acumulado e monotonico por construcao (ADR 0008 emenda, ADR 0013): nenhuma contracao e detectavel nesta serie."
lichinga,Cidade de Lichinga,controle,1985,18.55451541568771,20639,observado,A,"DLR World Settlement Footprint Evolution (30 m, 1985-2015)","TAXA de primeira deteccao, nao estoque. O acumulado e monotonico por construcao (ADR 0008 emenda, ADR 0013): nenhuma contracao e detectavel nesta serie."
lichinga,Cidade de Lichinga,controle,1986,0.0,0,observado,A,"DLR World Settlement Footprint Evolution (30 m, 1985-2015)","TAXA de primeira deteccao, nao estoque. O acumulado e monotonico por construcao (ADR 0008 emenda, ADR 0013): nenhuma contracao e detectavel nesta serie."
lichinga,Cidade de Lichinga,controle,1987,0.0,0,observado,A,"DLR World Settlement Footprint Evolution (30 m, 1985-2015)","TAXA de primeira deteccao, nao estoque. O acumulado e monotonico por construcao (ADR 0008 emenda, ADR 0013): nenhuma contracao e detectavel nesta serie."
lichinga,Cidade de Lichinga,controle,1988,0.0,0,observado,A,"DLR World Settlement Footprint Evolution (30 m, 1985-2015)","TAXA de primeira deteccao, nao estoque. O acumulado e monotonico por construcao (ADR 0008 emenda, ADR 0013): nenhuma contracao e detectavel nesta serie."
lichinga,Cidade de Lichinga,controle,1989,0.1070001123413938,119,observado,A,"DLR World Settlement Footprint Evolution (30 m, 1985-2015)","TAXA de primeira deteccao, nao estoque. O acumulado e monotonico por construcao (ADR 0008 emenda, ADR 0013): nenhuma contracao e detectavel nesta serie."
lichinga,Cidade de Lichinga,controle,1990,0.16093512831835655,179,observado,A,"DLR World Settlement Footprint Evolution (30 m, 1985-2015)","TAXA de primeira deteccao, nao estoque. O acumulado e monotonico por construcao (ADR 0008 emenda, ADR 0013): nenhuma contracao e detectavel nesta serie."
lichinga,Cidade de Lichinga,controle,1991,0.4419191631660817,492,observado,A,"DLR World Settlement Footprint Evolution (30 m, 1985-2015)","TAXA de primeira deteccao, nao estoque. O acumulado e monotonico por construcao (ADR 0008 emenda, ADR 0013): nenhuma contracao e detectavel nesta serie."
lichinga,Cidade de Lichinga,controle,1992,0.038276462951392906,43,observado,A,"DLR World Settlement Footprint Evolution (30 m, 1985-2015)","TAXA de primeira deteccao, nao estoque. O acumulado e monotonico por construcao (ADR 0008 emenda, ADR 0013): nenhuma contracao e detectavel nesta serie."
lichinga,Cidade de Lichinga,controle,1993,0.22878885809582578,254,observado,A,"DLR World Settlement Footprint Evolution (30 m, 1985-2015)","TAXA de primeira deteccao, nao estoque. O acumulado e monotonico por construcao (ADR 0008 emenda, ADR 0013): nenhuma contracao e detectavel nesta serie."
lichinga,Cidade de Lichinga,controle,1994,0.19660183243215446,219,observado,A,"DLR World Settlement Footprint Evolution (30 m, 1985-2015)","TAXA de primeira deteccao, nao estoque. O acumulado e monotonico por construcao (ADR 0008 emenda, ADR 0013): nenhuma contracao e detectavel nesta serie."
lichinga,Cidade de Lichinga,controle,1995,0.12178874575443197,135,observado,A,"DLR World Settlement Footprint Evolution (30 m, 1985-2015)","TAXA de primeira deteccao, nao estoque. O acumulado e monotonico por construcao (ADR 0008 emenda, ADR 0013): nenhuma contracao e detectavel nesta serie."
lichinga,Cidade de Lichinga,controle,1996,0.4384394847159551,488,observado,A,"DLR World Settlement Footprint Evolution (30 m, 1985-2015)","TAXA de primeira deteccao, nao estoque. O acumulado e monotonico por construcao (ADR 0008 emenda, ADR 0013): nenhuma contracao e detectavel nesta serie."
lichinga,Cidade de Lichinga,controle,1997,0.16528472638101482,184,observado,A,"DLR World Settlement Footprint Evolution (30 m, 1985-2015)","TAXA de primeira deteccao, nao estoque. O acumulado e monotonico por construcao (ADR 0008 emenda, ADR 0013): nenhuma contracao e detectavel nesta serie."
lichinga,Cidade de Lichinga,controle,1998,0.2975125074858267,331,observado,A,"DLR World Settlement Footprint Evolution (30 m, 1985-2015)","TAXA de primeira deteccao, nao estoque. O acumulado e monotonico por construcao (ADR 0008 emenda, ADR 0013): nenhuma contracao e detectavel nesta serie."
lichinga,Cidade de Lichinga,controle,1999,0.13222778110481184,147,observado,A,"DLR World Settlement Footprint Evolution (30 m, 1985-2015)","TAXA de primeira deteccao, nao estoque. O acumulado e monotonico por construcao (ADR 0008 emenda, ADR 0013): nenhuma contracao e detectavel nesta serie."
lichinga,Cidade de Lichinga,controle,2000,0.3453580861750678,384,observado,A,"DLR World Settlement Footprint Evolution (30 m, 1985-2015)","TAXA de primeira deteccao, nao estoque. O acumulado e monotonico por construcao (ADR 0008 emenda, ADR 0013): nenhuma contracao e detectavel nesta serie."
lichinga,Cidade de Lichinga,controle,2001,0.4123418963400054,459,observado,A,"DLR World Settlement Footprint Evolution (30 m, 1985-2015)","TAXA de primeira deteccao, nao estoque. O acumulado e monotonico por construcao (ADR 0008 emenda, ADR 0013): nenhuma contracao e detectavel nesta serie."
lichinga,Cidade de Lichinga,controle,2002,0.6106835679972231,679,observado,A,"DLR World Settlement Footprint Evolution (30 m, 1985-2015)","TAXA de primeira deteccao, nao estoque. O acumulado e monotonico por construcao (ADR 0008 emenda, ADR 0013): nenhuma contracao e detectavel nesta serie."
lichinga,Cidade de Lichinga,controle,2003,0.1270082634296219,141,observado,A,"DLR World Settlement Footprint Evolution (30 m, 1985-2015)","TAXA de primeira deteccao, nao estoque. O acumulado e monotonico por construcao (ADR 0008 emenda, ADR 0013): nenhuma contracao e detectavel nesta serie."
lichinga,Cidade de Lichinga,controle,2004,0.2914230701981051,324,observado,A,"DLR World Settlement Footprint Evolution (30 m, 1985-2015)","TAXA de primeira deteccao, nao estoque. O acumulado e monotonico por construcao (ADR 0008 emenda, ADR 0013): nenhuma contracao e detectavel nesta serie."
lichinga,Cidade de Lichinga,controle,2005,0.5132525713936776,571,observado,A,"DLR World Settlement Footprint Evolution (30 m, 1985-2015)","TAXA de primeira deteccao, nao estoque. O acumulado e monotonico por construcao (ADR 0008 emenda, ADR 0013): nenhuma contracao e detectavel nesta serie."
lichinga,Cidade de Lichinga,controle,2006,1.4118795311388792,1571,observado,A,"DLR World Settlement Footprint Evolution (30 m, 1985-2015)","TAXA de primeira deteccao, nao estoque. O acumulado e monotonico por construcao (ADR 0008 emenda, ADR 0013): nenhuma contracao e detectavel nesta serie."
lichinga,Cidade de Lichinga,controle,2007,0.562837989307982,626,observado,A,"DLR World Settlement Footprint Evolution (30 m, 1985-2015)","TAXA de primeira deteccao, nao estoque. O acumulado e monotonico por construcao (ADR 0008 emenda, ADR 0013): nenhuma contracao e detectavel nesta serie."
lichinga,Cidade de Lichinga,controle,2008,0.5784965423335519,643,observado,A,"DLR World Settlement Footprint Evolution (30 m, 1985-2015)","TAXA de primeira deteccao, nao estoque. O acumulado e monotonico por construcao (ADR 0008 emenda, ADR 0013): nenhuma contracao e detectavel nesta serie."
lichinga,Cidade de Lichinga,controle,2009,0.4445289220036767,494,observado,A,"DLR World Settlement Footprint Evolution (30 m, 1985-2015)","TAXA de primeira deteccao, nao estoque. O acumulado e monotonico por construcao (ADR 0008 emenda, ADR 0013): nenhuma contracao e detectavel nesta serie."
lichinga,Cidade de Lichinga,controle,2010,0.2627157229845604,292,observado,A,"DLR World Settlement Footprint Evolution (30 m, 1985-2015)","TAXA de primeira deteccao, nao estoque. O acumulado e monotonico por construcao (ADR 0008 emenda, ADR 0013): nenhuma contracao e detectavel nesta serie."
lichinga,Cidade de Lichinga,controle,2011,1.6119610420211603,1793,observado,A,"DLR World Settlement Footprint Evolution (30 m, 1985-2015)","TAXA de primeira deteccao, nao estoque. O acumulado e monotonico por construcao (ADR 0008 emenda, ADR 0013): nenhuma contracao e detectavel nesta serie."
lichinga,Cidade de Lichinga,controle,2012,0.4532281181289933,504,observado,A,"DLR World Settlement Footprint Evolution (30 m, 1985-2015)","TAXA de primeira deteccao, nao estoque. O acumulado e monotonico por construcao (ADR 0008 emenda, ADR 0013): nenhuma contracao e detectavel nesta serie."
lichinga,Cidade de Lichinga,controle,2013,0.4714964299921581,524,observado,A,"DLR World Settlement Footprint Evolution (30 m, 1985-2015)","TAXA de primeira deteccao, nao estoque. O acumulado e monotonico por construcao (ADR 0008 emenda, ADR 0013): nenhuma contracao e detectavel nesta serie."
lichinga,Cidade de Lichinga,controle,2014,0.20356118933240772,226,observado,A,"DLR World Settlement Footprint Evolution (30 m, 1985-2015)","TAXA de primeira deteccao, nao estoque. O acumulado e monotonico por construcao (ADR 0008 emenda, ADR 0013): nenhuma contracao e detectavel nesta serie."
lichinga,Cidade de Lichinga,controle,2015,0.15310585180557162,170,observado,A,"DLR World Settlement Footprint Evolution (30 m, 1985-2015)","TAXA de primeira deteccao, nao estoque. O acumulado e monotonico por construcao (ADR 0008 emenda, ADR 0013): nenhuma contracao e detectavel nesta serie."
xaixai,Xai-Xai,controle,1985,24.828155710117862,27618,observado,A,"DLR World Settlement Footprint Evolution (30 m, 1985-2015)","TAXA de primeira deteccao, nao estoque. O acumulado e monotonico por construcao (ADR 0008 emenda, ADR 0013): nenhuma contracao e detectavel nesta serie."
xaixai,Xai-Xai,controle,1986,0.0,0,observado,A,"DLR World Settlement Footprint Evolution (30 m, 1985-2015)","TAXA de primeira deteccao, nao estoque. O acumulado e monotonico por construcao (ADR 0008 emenda, ADR 0013): nenhuma contracao e detectavel nesta serie."
xaixai,Xai-Xai,controle,1987,0.0,0,observado,A,"DLR World Settlement Footprint Evolution (30 m, 1985-2015)","TAXA de primeira deteccao, nao estoque. O acumulado e monotonico por construcao (ADR 0008 emenda, ADR 0013): nenhuma contracao e detectavel nesta serie."
xaixai,Xai-Xai,controle,1988,0.4098071108207084,456,observado,A,"DLR World Settlement Footprint Evolution (30 m, 1985-2015)","TAXA de primeira deteccao, nao estoque. O acumulado e monotonico por construcao (ADR 0008 emenda, ADR 0013): nenhuma contracao e detectavel nesta serie."
xaixai,Xai-Xai,controle,1989,2.4078192499406446,2678,observado,A,"DLR World Settlement Footprint Evolution (30 m, 1985-2015)","TAXA de primeira deteccao, nao estoque. O acumulado e monotonico por construcao (ADR 0008 emenda, ADR 0013): nenhuma contracao e detectavel nesta serie."
xaixai,Xai-Xai,controle,1990,3.0946106135295,3442,observado,A,"DLR World Settlement Footprint Evolution (30 m, 1985-2015)","TAXA de primeira deteccao, nao estoque. O acumulado e monotonico por construcao (ADR 0008 emenda, ADR 0013): nenhuma contracao e detectavel nesta serie."
xaixai,Xai-Xai,controle,1991,2.4272567413629704,2700,observado,A,"DLR World Settlement Footprint Evolution (30 m, 1985-2015)","TAXA de primeira deteccao, nao estoque. O acumulado e monotonico por construcao (ADR 0008 emenda, ADR 0013): nenhuma contracao e detectavel nesta serie."
xaixai,Xai-Xai,controle,1992,0.1806066911324466,201,observado,A,"DLR World Settlement Footprint Evolution (30 m, 1985-2015)","TAXA de primeira deteccao, nao estoque. O acumulado e monotonico por construcao (ADR 0008 emenda, ADR 0013): nenhuma contracao e detectavel nesta serie."
xaixai,Xai-Xai,controle,1993,0.16359888613791126,182,observado,A,"DLR World Settlement Footprint Evolution (30 m, 1985-2015)","TAXA de primeira deteccao, nao estoque. O acumulado e monotonico por construcao (ADR 0008 emenda, ADR 0013): nenhuma contracao e detectavel nesta serie."
xaixai,Xai-Xai,controle,1994,1.956707469847493,2177,observado,A,"DLR World Settlement Footprint Evolution (30 m, 1985-2015)","TAXA de primeira deteccao, nao estoque. O acumulado e monotonico por construcao (ADR 0008 emenda, ADR 0013): nenhuma contracao e detectavel nesta serie."
xaixai,Xai-Xai,controle,1995,1.2423796600770094,1382,observado,A,"DLR World Settlement Footprint Evolution (30 m, 1985-2015)","TAXA de primeira deteccao, nao estoque. O acumulado e monotonico por construcao (ADR 0008 emenda, ADR 0013): nenhuma contracao e detectavel nesta serie."
xaixai,Xai-Xai,controle,1996,2.6313504012973947,2927,observado,A,"DLR World Settlement Footprint Evolution (30 m, 1985-2015)","TAXA de primeira deteccao, nao estoque. O acumulado e monotonico por construcao (ADR 0008 emenda, ADR 0013): nenhuma contracao e detectavel nesta serie."
xaixai,Xai-Xai,controle,1997,3.0792225994868248,3425,observado,A,"DLR World Settlement Footprint Evolution (30 m, 1985-2015)","TAXA de primeira deteccao, nao estoque. O acumulado e monotonico por construcao (ADR 0008 emenda, ADR 0013): nenhuma contracao e detectavel nesta serie."
xaixai,Xai-Xai,controle,1998,3.912605044219056,4352,observado,A,"DLR World Settlement Footprint Evolution (30 m, 1985-2015)","TAXA de primeira deteccao, nao estoque. O acumulado e monotonico por construcao (ADR 0008 emenda, ADR 0013): nenhuma contracao e detectavel nesta serie."
xaixai,Xai-Xai,controle,1999,1.5784862825880646,1756,observado,A,"DLR World Settlement Footprint Evolution (30 m, 1985-2015)","TAXA de primeira deteccao, nao estoque. O acumulado e monotonico por construcao (ADR 0008 emenda, ADR 0013): nenhuma contracao e detectavel nesta serie."
xaixai,Xai-Xai,controle,2000,3.348107897495669,3724,observado,A,"DLR World Settlement Footprint Evolution (30 m, 1985-2015)","TAXA de primeira deteccao, nao estoque. O acumulado e monotonico por construcao (ADR 0008 emenda, ADR 0013): nenhuma contracao e detectavel nesta serie."
xaixai,Xai-Xai,controle,2001,0.7742600749893226,861,observado,A,"DLR World Settlement Footprint Evolution (30 m, 1985-2015)","TAXA de primeira deteccao, nao estoque. O acumulado e monotonico por construcao (ADR 0008 emenda, ADR 0013): nenhuma contracao e detectavel nesta serie."
xaixai,Xai-Xai,controle,2002,0.6017523386161786,669,observado,A,"DLR World Settlement Footprint Evolution (30 m, 1985-2015)","TAXA de primeira deteccao, nao estoque. O acumulado e monotonico por construcao (ADR 0008 emenda, ADR 0013): nenhuma contracao e detectavel nesta serie."
xaixai,Xai-Xai,controle,2003,0.2607863432495417,290,observado,A,"DLR World Settlement Footprint Evolution (30 m, 1985-2015)","TAXA de primeira deteccao, nao estoque. O acumulado e monotonico por construcao (ADR 0008 emenda, ADR 0013): nenhuma contracao e detectavel nesta serie."
xaixai,Xai-Xai,controle,2004,0.95729645254956,1065,observado,A,"DLR World Settlement Footprint Evolution (30 m, 1985-2015)","TAXA de primeira deteccao, nao estoque. O acumulado e monotonico por construcao (ADR 0008 emenda, ADR 0013): nenhuma contracao e detectavel nesta serie."
xaixai,Xai-Xai,controle,2005,1.2610072560234051,1403,observado,A,"DLR World Settlement Footprint Evolution (30 m, 1985-2015)","TAXA de primeira deteccao, nao estoque. O acumulado e monotonico por construcao (ADR 0008 emenda, ADR 0013): nenhuma contracao e detectavel nesta serie."
xaixai,Xai-Xai,controle,2006,1.273155688162359,1416,observado,A,"DLR World Settlement Footprint Evolution (30 m, 1985-2015)","TAXA de primeira deteccao, nao estoque. O acumulado e monotonico por construcao (ADR 0008 emenda, ADR 0013): nenhuma contracao e detectavel nesta serie."
xaixai,Xai-Xai,controle,2007,0.8771168004324649,976,observado,A,"DLR World Settlement Footprint Evolution (30 m, 1985-2015)","TAXA de primeira deteccao, nao estoque. O acumulado e monotonico por construcao (ADR 0008 emenda, ADR 0013): nenhuma contracao e detectavel nesta serie."
xaixai,Xai-Xai,controle,2008,1.6457076070902756,1831,observado,A,"DLR World Settlement Footprint Evolution (30 m, 1985-2015)","TAXA de primeira deteccao, nao estoque. O acumulado e monotonico por construcao (ADR 0008 emenda, ADR 0013): nenhuma contracao e detectavel nesta serie."
xaixai,Xai-Xai,controle,2009,0.7491533152354848,833,observado,A,"DLR World Settlement Footprint Evolution (30 m, 1985-2015)","TAXA de primeira deteccao, nao estoque. O acumulado e monotonico por construcao (ADR 0008 emenda, ADR 0013): nenhuma contracao e detectavel nesta serie."
xaixai,Xai-Xai,controle,2010,0.417906065580011,465,observado,A,"DLR World Settlement Footprint Evolution (30 m, 1985-2015)","TAXA de primeira deteccao, nao estoque. O acumulado e monotonico por construcao (ADR 0008 emenda, ADR 0013): nenhuma contracao e detectavel nesta serie."
xaixai,Xai-Xai,controle,2011,0.5037549860286179,560,observado,A,"DLR World Settlement Footprint Evolution (30 m, 1985-2015)","TAXA de primeira deteccao, nao estoque. O acumulado e monotonico por construcao (ADR 0008 emenda, ADR 0013): nenhuma contracao e detectavel nesta serie."
xaixai,Xai-Xai,controle,2012,0.4170961701040807,464,observado,A,"DLR World Settlement Footprint Evolution (30 m, 1985-2015)","TAXA de primeira deteccao, nao estoque. O acumulado e monotonico por construcao (ADR 0008 emenda, ADR 0013): nenhuma contracao e detectavel nesta serie."
xaixai,Xai-Xai,controle,2013,0.6641142902628081,739,observado,A,"DLR World Settlement Footprint Evolution (30 m, 1985-2015)","TAXA de primeira deteccao, nao estoque. O acumulado e monotonico por construcao (ADR 0008 emenda, ADR 0013): nenhuma contracao e detectavel nesta serie."
xaixai,Xai-Xai,controle,2014,0.2575467613458207,286,observado,A,"DLR World Settlement Footprint Evolution (30 m, 1985-2015)","TAXA de primeira deteccao, nao estoque. O acumulado e monotonico por construcao (ADR 0008 emenda, ADR 0013): nenhuma contracao e detectavel nesta serie."
xaixai,Xai-Xai,controle,2015,0.17979679565651635,200,observado,A,"DLR World Settlement Footprint Evolution (30 m, 1985-2015)","TAXA de primeira deteccao, nao estoque. O acumulado e monotonico por construcao (ADR 0008 emenda, ADR 0013): nenhuma contracao e detectavel nesta serie."
inhambane,Cidade de Inhambane,controle,1985,19.301784646916374,21470,observado,A,"DLR World Settlement Footprint Evolution (30 m, 1985-2015)","TAXA de primeira deteccao, nao estoque. O acumulado e monotonico por construcao (ADR 0008 emenda, ADR 0013): nenhuma contracao e detectavel nesta serie."
inhambane,Cidade de Inhambane,controle,1986,0.0,0,observado,A,"DLR World Settlement Footprint Evolution (30 m, 1985-2015)","TAXA de primeira deteccao, nao estoque. O acumulado e monotonico por construcao (ADR 0008 emenda, ADR 0013): nenhuma contracao e detectavel nesta serie."
inhambane,Cidade de Inhambane,controle,1987,0.0,0,observado,A,"DLR World Settlement Footprint Evolution (30 m, 1985-2015)","TAXA de primeira deteccao, nao estoque. O acumulado e monotonico por construcao (ADR 0008 emenda, ADR 0013): nenhuma contracao e detectavel nesta serie."
inhambane,Cidade de Inhambane,controle,1988,0.0,0,observado,A,"DLR World Settlement Footprint Evolution (30 m, 1985-2015)","TAXA de primeira deteccao, nao estoque. O acumulado e monotonico por construcao (ADR 0008 emenda, ADR 0013): nenhuma contracao e detectavel nesta serie."
inhambane,Cidade de Inhambane,controle,1989,0.7071598356451785,787,observado,A,"DLR World Settlement Footprint Evolution (30 m, 1985-2015)","TAXA de primeira deteccao, nao estoque. O acumulado e monotonico por construcao (ADR 0008 emenda, ADR 0013): nenhuma contracao e detectavel nesta serie."
inhambane,Cidade de Inhambane,controle,1990,0.12753402816259868,142,observado,A,"DLR World Settlement Footprint Evolution (30 m, 1985-2015)","TAXA de primeira deteccao, nao estoque. O acumulado e monotonico por construcao (ADR 0008 emenda, ADR 0013): nenhuma contracao e detectavel nesta serie."
inhambane,Cidade de Inhambane,controle,1991,0.7921825210869109,881,observado,A,"DLR World Settlement Footprint Evolution (30 m, 1985-2015)","TAXA de primeira deteccao, nao estoque. O acumulado e monotonico por construcao (ADR 0008 emenda, ADR 0013): nenhuma contracao e detectavel nesta serie."
inhambane,Cidade de Inhambane,controle,1992,0.3899598168817921,434,observado,A,"DLR World Settlement Footprint Evolution (30 m, 1985-2015)","TAXA de primeira deteccao, nao estoque. O acumulado e monotonico por construcao (ADR 0008 emenda, ADR 0013): nenhuma contracao e detectavel nesta serie."
inhambane,Cidade de Inhambane,controle,1993,1.1968578027566952,1331,observado,A,"DLR World Settlement Footprint Evolution (30 m, 1985-2015)","TAXA de primeira deteccao, nao estoque. O acumulado e monotonico por construcao (ADR 0008 emenda, ADR 0013): nenhuma contracao e detectavel nesta serie."
inhambane,Cidade de Inhambane,controle,1994,2.302152713499217,2561,observado,A,"DLR World Settlement Footprint Evolution (30 m, 1985-2015)","TAXA de primeira deteccao, nao estoque. O acumulado e monotonico por construcao (ADR 0008 emenda, ADR 0013): nenhuma contracao e detectavel nesta serie."
inhambane,Cidade de Inhambane,controle,1995,1.3481000797443923,1500,observado,A,"DLR World Settlement Footprint Evolution (30 m, 1985-2015)","TAXA de primeira deteccao, nao estoque. O acumulado e monotonico por construcao (ADR 0008 emenda, ADR 0013): nenhuma contracao e detectavel nesta serie."
inhambane,Cidade de Inhambane,controle,1996,1.0742289295234273,1195,observado,A,"DLR World Settlement Footprint Evolution (30 m, 1985-2015)","TAXA de primeira deteccao, nao estoque. O acumulado e monotonico por construcao (ADR 0008 emenda, ADR 0013): nenhuma contracao e detectavel nesta serie."
inhambane,Cidade de Inhambane,controle,1997,1.3652681219970497,1519,observado,A,"DLR World Settlement Footprint Evolution (30 m, 1985-2015)","TAXA de primeira deteccao, nao estoque. O acumulado e monotonico por construcao (ADR 0008 emenda, ADR 0013): nenhuma contracao e detectavel nesta serie."
inhambane,Cidade de Inhambane,controle,1998,2.5719362346124064,2861,observado,A,"DLR World Settlement Footprint Evolution (30 m, 1985-2015)","TAXA de primeira deteccao, nao estoque. O acumulado e monotonico por construcao (ADR 0008 emenda, ADR 0013): nenhuma contracao e detectavel nesta serie."
inhambane,Cidade de Inhambane,controle,1999,1.4151371971119122,1574,observado,A,"DLR World Settlement Footprint Evolution (30 m, 1985-2015)","TAXA de primeira deteccao, nao estoque. O acumulado e monotonico por construcao (ADR 0008 emenda, ADR 0013): nenhuma contracao e detectavel nesta serie."
inhambane,Cidade de Inhambane,controle,2000,2.084690844965555,2319,observado,A,"DLR World Settlement Footprint Evolution (30 m, 1985-2015)","TAXA de primeira deteccao, nao estoque. O acumulado e monotonico por construcao (ADR 0008 emenda, ADR 0013): nenhuma contracao e detectavel nesta serie."
inhambane,Cidade de Inhambane,controle,2001,2.01683620177648,2243,observado,A,"DLR World Settlement Footprint Evolution (30 m, 1985-2015)","TAXA de primeira deteccao, nao estoque. O acumulado e monotonico por construcao (ADR 0008 emenda, ADR 0013): nenhuma contracao e detectavel nesta serie."
inhambane,Cidade de Inhambane,controle,2002,0.6826340609985249,759,observado,A,"DLR World Settlement Footprint Evolution (30 m, 1985-2015)","TAXA de primeira deteccao, nao estoque. O acumulado e monotonico por construcao (ADR 0008 emenda, ADR 0013): nenhuma contracao e detectavel nesta serie."
inhambane,Cidade de Inhambane,controle,2003,1.694731028083763,1885,observado,A,"DLR World Settlement Footprint Evolution (30 m, 1985-2015)","TAXA de primeira deteccao, nao estoque. O acumulado e monotonico por construcao (ADR 0008 emenda, ADR 0013): nenhuma contracao e detectavel nesta serie."
inhambane,Cidade de Inhambane,controle,2004,4.4923043894453825,4997,observado,A,"DLR World Settlement Footprint Evolution (30 m, 1985-2015)","TAXA de primeira deteccao, nao estoque. O acumulado e monotonico por construcao (ADR 0008 emenda, ADR 0013): nenhuma contracao e detectavel nesta serie."
inhambane,Cidade de Inhambane,controle,2005,2.002938262810043,2228,observado,A,"DLR World Settlement Footprint Evolution (30 m, 1985-2015)","TAXA de primeira deteccao, nao estoque. O acumulado e monotonico por construcao (ADR 0008 emenda, ADR 0013): nenhuma contracao e detectavel nesta serie."
inhambane,Cidade de Inhambane,controle,2006,1.4388454459370106,1600,observado,A,"DLR World Settlement Footprint Evolution (30 m, 1985-2015)","TAXA de primeira deteccao, nao estoque. O acumulado e monotonico por construcao (ADR 0008 emenda, ADR 0013): nenhuma contracao e detectavel nesta serie."
inhambane,Cidade de Inhambane,controle,2007,1.1756021313962621,1308,observado,A,"DLR World Settlement Footprint Evolution (30 m, 1985-2015)","TAXA de primeira deteccao, nao estoque. O acumulado e monotonico por construcao (ADR 0008 emenda, ADR 0013): nenhuma contracao e detectavel nesta serie."
inhambane,Cidade de Inhambane,controle,2008,2.424781586732485,2697,observado,A,"DLR World Settlement Footprint Evolution (30 m, 1985-2015)","TAXA de primeira deteccao, nao estoque. O acumulado e monotonico por construcao (ADR 0008 emenda, ADR 0013): nenhuma contracao e detectavel nesta serie."
inhambane,Cidade de Inhambane,controle,2009,1.2925083238786441,1438,observado,A,"DLR World Settlement Footprint Evolution (30 m, 1985-2015)","TAXA de primeira deteccao, nao estoque. O acumulado e monotonico por construcao (ADR 0008 emenda, ADR 0013): nenhuma contracao e detectavel nesta serie."
inhambane,Cidade de Inhambane,controle,2010,1.4838093661225422,1651,observado,A,"DLR World Settlement Footprint Evolution (30 m, 1985-2015)","TAXA de primeira deteccao, nao estoque. O acumulado e monotonico por construcao (ADR 0008 emenda, ADR 0013): nenhuma contracao e detectavel nesta serie."
inhambane,Cidade de Inhambane,controle,2011,3.5366167040474474,3934,observado,A,"DLR World Settlement Footprint Evolution (30 m, 1985-2015)","TAXA de primeira deteccao, nao estoque. O acumulado e monotonico por construcao (ADR 0008 emenda, ADR 0013): nenhuma contracao e detectavel nesta serie."
inhambane,Cidade de Inhambane,controle,2012,1.9963980562376022,2221,observado,A,"DLR World Settlement Footprint Evolution (30 m, 1985-2015)","TAXA de primeira deteccao, nao estoque. O acumulado e monotonico por construcao (ADR 0008 emenda, ADR 0013): nenhuma contracao e detectavel nesta serie."
inhambane,Cidade de Inhambane,controle,2013,1.544306276917621,1718,observado,A,"DLR World Settlement Footprint Evolution (30 m, 1985-2015)","TAXA de primeira deteccao, nao estoque. O acumulado e monotonico por construcao (ADR 0008 emenda, ADR 0013): nenhuma contracao e detectavel nesta serie."
inhambane,Cidade de Inhambane,controle,2014,2.3610145726511855,2626,observado,A,"DLR World Settlement Footprint Evolution (30 m, 1985-2015)","TAXA de primeira deteccao, nao estoque. O acumulado e monotonico por construcao (ADR 0008 emenda, ADR 0013): nenhuma contracao e detectavel nesta serie."
inhambane,Cidade de Inhambane,controle,2015,2.1190269294708703,2357,observado,A,"DLR World Settlement Footprint Evolution (30 m, 1985-2015)","TAXA de primeira deteccao, nao estoque. O acumulado e monotonico por construcao (ADR 0008 emenda, ADR 0013): nenhuma contracao e detectavel nesta serie."
