rotulo,t0,T,n_pre,n_pos,hac_lag,escala,c_deslocamento,estimavel,b0,b1_tendencia_pre,b2_nivel,b2_ic95_inf,b2_ic95_sup,b2_p,b3_inclinacao,b3_ic95_inf,b3_ic95_sup,b3_p,r2,durbin_watson,breusch_godfrey_p_ordem1,breusch_godfrey_p_ordem2,adf_resid_p,b2_nivel_ar1,b3_inclinacao_ar1,troca_sinal_hac_ar1,placebo,serie,unidade,quebra,b2_real_tete,b3_real_tete,b2_real_ic95_inf,b2_real_ic95_sup,b3_real_ic95_inf,b3_real_ic95_sup,real_estimavel,ano_falso,motivo_nao_estimavel,ressalva,veredito_pre_adr0015,veredito,ramo_b2_estado,ramo_b3_estado,mudanca_apos_adr0015,n_controles_que_replicam,n_controles,n_controles_que_replicam_pre_adr0015,regra,correlacao_capacidade_desfecho,mediana_nobs_por_ano,limiar_pre_registrado,o_que_a_falha_invalida,valores_por_ano_pct,sinais_ndvi,sinais_desfecho_S_SUST,n_sinais_coincidentes_de_5
P1|S_WSF_taxa|chimoio|2005,2005.0,23.0,12.0,11.0,2.0,log,0.0009,True,0.023050290852887068,0.11668332681928528,-0.08663599823295232,-0.7952180572115026,0.621946060745598,0.8106106309356769,-0.08184349552402387,-0.17123122841237864,0.007544237364330908,0.07272623265091915,0.5076986036158166,2.38131742799715,0.21199398649868695,0.19837917010832432,0.00010336138131045824,-0.10312611726636275,-0.0988455725319104,False,P1_espacial,S_WSF_taxa,chimoio,2005,-0.4023850355079365,0.0636054175042013,-1.237427700517887,0.4326576295020141,-0.0312247219331436,0.1584355569415463,True,,ambos os ramos vazios (ADR 0015). b2: vazio: IC95 do b2 de referencia de Tete [-1.2374; 0.4327] inclui zero — o teste relativo '>= 50% da magnitude' tem denominador que colapsa | b3: vazio: IC95 do b3 de referencia de Tete [-0.0312; 0.1584] inclui zero — o teste relativo '>= 50% da magnitude' tem denominador que colapsa,,nao replica,nao estimavel,vazio: IC95 do b2 de referencia de Tete [-1.2374; 0.4327] inclui zero — o teste relativo '>= 50% da magnitude' tem denominador que colapsa,vazio: IC95 do b3 de referencia de Tete [-0.0312; 0.1584] inclui zero — o teste relativo '>= 50% da magnitude' tem denominador que colapsa,"nao replica -> nao estimavel (ramo vazio, ADR 0015)",,,,,,,,,,,,
P1|S_WSF_taxa|quelimane|2005,2005.0,23.0,12.0,11.0,2.0,log,0.0009,True,-0.664803907463986,0.09693058991533583,0.46274645743560794,0.01082237399586966,0.9146705408753462,0.04476032423616473,-0.2222265668532158,-0.32759089903177563,-0.11686223467465595,3.567993987682009e-05,0.466423104611676,2.0252302295432347,0.4200829260548119,0.39971209150976045,0.0036693723665732728,0.2525219011853323,-0.27330435093467575,False,P1_espacial,S_WSF_taxa,quelimane,2005,-0.4023850355079365,0.0636054175042013,-1.237427700517887,0.4326576295020141,-0.0312247219331436,0.1584355569415463,True,,ambos os ramos vazios (ADR 0015). b2: vazio: IC95 do b2 de referencia de Tete [-1.2374; 0.4327] inclui zero — o teste relativo '>= 50% da magnitude' tem denominador que colapsa | b3: vazio: IC95 do b3 de referencia de Tete [-0.0312; 0.1584] inclui zero — o teste relativo '>= 50% da magnitude' tem denominador que colapsa,,nao replica,nao estimavel,vazio: IC95 do b2 de referencia de Tete [-1.2374; 0.4327] inclui zero — o teste relativo '>= 50% da magnitude' tem denominador que colapsa,vazio: IC95 do b3 de referencia de Tete [-0.0312; 0.1584] inclui zero — o teste relativo '>= 50% da magnitude' tem denominador que colapsa,"nao replica -> nao estimavel (ramo vazio, ADR 0015)",,,,,,,,,,,,
P1|S_WSF_taxa|lichinga|2005,2005.0,23.0,12.0,11.0,2.0,log,0.0009,True,-1.144628382959057,0.038728179362271284,1.0214521506153333,0.5488984189528925,1.4940058822777742,2.2695491810148954e-05,-0.16136630109822703,-0.2636363135482235,-0.05909628864823059,0.0019846433958916826,0.4082015096806353,2.5301198820247923,0.15371198541497288,0.35161361962190046,0.014575514173491651,1.0415175742065057,-0.16132247988643283,False,P1_espacial,S_WSF_taxa,lichinga,2005,-0.4023850355079365,0.0636054175042013,-1.237427700517887,0.4326576295020141,-0.0312247219331436,0.1584355569415463,True,,ambos os ramos vazios (ADR 0015). b2: vazio: IC95 do b2 de referencia de Tete [-1.2374; 0.4327] inclui zero — o teste relativo '>= 50% da magnitude' tem denominador que colapsa | b3: vazio: IC95 do b3 de referencia de Tete [-0.0312; 0.1584] inclui zero — o teste relativo '>= 50% da magnitude' tem denominador que colapsa,,nao replica,nao estimavel,vazio: IC95 do b2 de referencia de Tete [-1.2374; 0.4327] inclui zero — o teste relativo '>= 50% da magnitude' tem denominador que colapsa,vazio: IC95 do b3 de referencia de Tete [-0.0312; 0.1584] inclui zero — o teste relativo '>= 50% da magnitude' tem denominador que colapsa,"nao replica -> nao estimavel (ramo vazio, ADR 0015)",,,,,,,,,,,,
P1|S_WSF_taxa|xaixai|2005,2005.0,23.0,12.0,11.0,2.0,log,0.0009,True,-0.06819441010035296,-0.03694215480160946,0.4948079050897848,-0.757009984757225,1.7466257949367945,0.43850639675841807,-0.14551893603362195,-0.3448020507336268,0.05376417866638286,0.152375951689324,0.3423978896209914,1.2779470781766635,0.4349931350248627,0.4989312854415795,0.2218706139137267,1.032355854015941,-0.002045098234802367,False,P1_espacial,S_WSF_taxa,xaixai,2005,-0.4023850355079365,0.0636054175042013,-1.237427700517887,0.4326576295020141,-0.0312247219331436,0.1584355569415463,True,,ambos os ramos vazios (ADR 0015). b2: vazio: IC95 do b2 de referencia de Tete [-1.2374; 0.4327] inclui zero — o teste relativo '>= 50% da magnitude' tem denominador que colapsa | b3: vazio: IC95 do b3 de referencia de Tete [-0.0312; 0.1584] inclui zero — o teste relativo '>= 50% da magnitude' tem denominador que colapsa,,nao replica,nao estimavel,vazio: IC95 do b2 de referencia de Tete [-1.2374; 0.4327] inclui zero — o teste relativo '>= 50% da magnitude' tem denominador que colapsa,vazio: IC95 do b3 de referencia de Tete [-0.0312; 0.1584] inclui zero — o teste relativo '>= 50% da magnitude' tem denominador que colapsa,"nao replica -> nao estimavel (ramo vazio, ADR 0015)",,,,,,,,,,,,
P1|S_WSF_taxa|inhambane|2005,2005.0,23.0,12.0,11.0,2.0,log,0.0009,True,0.7530997573115243,0.03793146655307506,-0.3064231031382346,-0.8121174240641741,0.19927121778770485,0.23497882356587052,-0.004322782113594725,-0.0817914249074843,0.07314586068029484,0.9129115686618979,0.10739788385576976,2.216799949093565,0.5697507137715208,0.010315642085148527,4.070733564994637e-08,-0.23873086447700612,0.0022855638352982724,True,P1_espacial,S_WSF_taxa,inhambane,2005,-0.4023850355079365,0.0636054175042013,-1.237427700517887,0.4326576295020141,-0.0312247219331436,0.1584355569415463,True,,ambos os ramos vazios (ADR 0015). b2: vazio: IC95 do b2 de referencia de Tete [-1.2374; 0.4327] inclui zero — o teste relativo '>= 50% da magnitude' tem denominador que colapsa | b3: vazio: IC95 do b3 de referencia de Tete [-0.0312; 0.1584] inclui zero — o teste relativo '>= 50% da magnitude' tem denominador que colapsa,,replica,nao estimavel,vazio: IC95 do b2 de referencia de Tete [-1.2374; 0.4327] inclui zero — o teste relativo '>= 50% da magnitude' tem denominador que colapsa,vazio: IC95 do b3 de referencia de Tete [-0.0312; 0.1584] inclui zero — o teste relativo '>= 50% da magnitude' tem denominador que colapsa,"replica -> nao estimavel (ramo vazio, ADR 0015)",,,,,,,,,,,,
P1|S_WSF_taxa|chimoio|2011,2011.0,20.0,15.0,5.0,2.0,log,0.0009,True,0.393385028899779,0.08941898683611163,0.09590214472002528,-0.31341301828432444,0.505217307724375,0.6460778728826453,-0.2216375970960367,-0.38674004641527365,-0.05653514777679974,0.008510799775197505,0.4509407870698403,2.7126738960646777,0.065365986894627,0.044558962171286146,2.0529684885849543e-06,-0.05465706406852186,-0.13972837966801904,True,P1_espacial,S_WSF_taxa,chimoio,2011,0.6129174140384048,-0.1829947831686519,-0.0083963061144259,1.2342311341912358,-0.3126159959187632,-0.0533735704185406,True,,,,replica,replica,vazio: IC95 do b2 de referencia de Tete [-0.0084; 1.2342] inclui zero — o teste relativo '>= 50% da magnitude' tem denominador que colapsa,aplicavel,inalterado,,,,,,,,,,,,
P1|S_WSF_taxa|quelimane|2011,2011.0,20.0,15.0,5.0,2.0,log,0.0009,True,-0.05591809517228503,0.09681883599530061,-1.886552674343097,-2.2668493370023115,-1.5062560116838823,2.4089234917138305e-22,0.1796399295209164,0.08409326247677272,0.27518659656506006,0.00022871839196721418,0.7168936608257055,2.058525620033199,0.8774450255430745,0.5800011502030473,0.20003938371576574,-1.8549353629759748,0.18152190606582186,False,P1_espacial,S_WSF_taxa,quelimane,2011,0.6129174140384048,-0.1829947831686519,-0.0083963061144259,1.2342311341912358,-0.3126159959187632,-0.0533735704185406,True,,,,nao replica,nao replica,vazio: IC95 do b2 de referencia de Tete [-0.0084; 1.2342] inclui zero — o teste relativo '>= 50% da magnitude' tem denominador que colapsa,aplicavel,inalterado,,,,,,,,,,,,
P1|S_WSF_taxa|lichinga|2011,2011.0,20.0,15.0,5.0,2.0,log,0.0009,True,-0.5712045710403846,0.0548143226187484,0.7664255754799126,0.019732647336818232,1.513118503623007,0.04424530456549705,-0.6043693059098322,-0.6878868228659465,-0.5208517889537179,1.1648561820551763e-45,0.43216298267919007,2.1044389890575155,0.6894787335709275,0.8972270630632994,0.041615517831289216,0.5704771984195927,-0.6012839248335263,False,P1_espacial,S_WSF_taxa,lichinga,2011,0.6129174140384048,-0.1829947831686519,-0.0083963061144259,1.2342311341912358,-0.3126159959187632,-0.0533735704185406,True,,,,replica,replica,vazio: IC95 do b2 de referencia de Tete [-0.0084; 1.2342] inclui zero — o teste relativo '>= 50% da magnitude' tem denominador que colapsa,aplicavel,inalterado,,,,,,,,,,,,
P1|S_WSF_taxa|xaixai|2011,2011.0,20.0,15.0,5.0,2.0,log,0.0009,True,-0.6647099251810902,-0.10528898788603269,0.1660661671140743,-0.4236528639238789,0.7557851981520275,0.5809962184255015,-0.14820017413222178,-0.29085535615408964,-0.005544992110353919,0.04173553807871336,0.6019299514160363,1.4145285483858523,0.18759493387456982,0.4195252961983186,0.1678084458717361,0.21052504718199994,-0.1682334504416888,False,P1_espacial,S_WSF_taxa,xaixai,2011,0.6129174140384048,-0.1829947831686519,-0.0083963061144259,1.2342311341912358,-0.3126159959187632,-0.0533735704185406,True,,,,replica,replica,vazio: IC95 do b2 de referencia de Tete [-0.0084; 1.2342] inclui zero — o teste relativo '>= 50% da magnitude' tem denominador que colapsa,aplicavel,inalterado,,,,,,,,,,,,
P1|S_WSF_taxa|inhambane|2011,2011.0,20.0,15.0,5.0,2.0,log,0.0009,True,0.5489013581141968,0.005902826309443755,0.42262690960276494,-0.05696699244681541,0.9022208116523454,0.08413963700647155,-0.09154377368281193,-0.2072388811893091,0.02415133382368527,0.12094438537188196,0.12256078045903307,2.131286040193932,0.6745136031672858,0.03394823784401643,8.757857371411691e-07,0.4536294738481308,-0.07484052908830077,False,P1_espacial,S_WSF_taxa,inhambane,2011,0.6129174140384048,-0.1829947831686519,-0.0083963061144259,1.2342311341912358,-0.3126159959187632,-0.0533735704185406,True,,,,replica,nao replica,vazio: IC95 do b2 de referencia de Tete [-0.0084; 1.2342] inclui zero — o teste relativo '>= 50% da magnitude' tem denominador que colapsa,aplicavel,replica -> nao replica AFROUXAMENTO. NAO reabilita nada: o ramo que disparava usava um coeficiente de referencia de Tete cujo IC95 inclui zero. O veredito pre-ADR 0015 fica na coluna ao lado e continua publicavel.,,,,,,,,,,,,
P1|S_HARM_soma|chimoio|2016,2016.0,13.0,3.0,10.0,2.0,log,0.0,True,7.461964415784417,0.1301847276291416,-0.3955643747856068,-0.5821071424699296,-0.20902160710128398,3.237145490746705e-05,-0.03464669970343981,-0.0743619010942537,0.005068501687374077,0.08729712366206561,0.8758872497659571,0.7675264326770407,0.026560837275546454,0.03064120571342045,0.23719615349840728,-0.38690653973129674,-0.4532197997376505,False,P1_espacial,S_HARM_soma,chimoio,2016,-0.1516229957191031,-0.1233039300224601,-0.2147758951966428,-0.0884700962415633,-0.1449412896941554,-0.1016665703507648,True,,,,replica,replica,aplicavel,aplicavel,inalterado,,,,,,,,,,,,
P1|S_HARM_soma|quelimane|2016,2016.0,13.0,3.0,10.0,2.0,log,0.0,True,6.957232610823471,0.010286464965886444,-0.07634465716874361,-0.1859522865611361,0.03326297222364888,0.17220039608564486,0.029983346291024976,-8.534486906048092e-05,0.06005203745111043,0.050653817277788823,0.670974479113244,0.5801846925979799,0.007938332078504213,0.0065816786378486754,0.11353529664317902,-0.09655807650031167,-0.16597417233993428,True,P1_espacial,S_HARM_soma,quelimane,2016,-0.1516229957191031,-0.1233039300224601,-0.2147758951966428,-0.0884700962415633,-0.1449412896941554,-0.1016665703507648,True,,,,replica,nao replica,aplicavel,aplicavel,replica -> nao replica AFROUXAMENTO. NAO reabilita nada: o ramo que disparava usava um coeficiente de referencia de Tete cujo IC95 inclui zero. O veredito pre-ADR 0015 fica na coluna ao lado e continua publicavel.,,,,,,,,,,,,
P1|S_HARM_soma|lichinga|2016,2016.0,13.0,3.0,10.0,2.0,log,0.0,True,6.520795129098964,0.06417439756351405,-0.3014681298667361,-0.523885330285623,-0.07905092944784922,0.007894025531718026,-0.003569625162317097,-0.04437916783286386,0.037239917508229664,0.8638787920628087,0.6163400650871496,0.689689539051432,0.017471669625823055,0.01746902799012694,0.22697093352722236,-0.2820838817097253,-0.3335037707141451,False,P1_espacial,S_HARM_soma,lichinga,2016,-0.1516229957191031,-0.1233039300224601,-0.2147758951966428,-0.0884700962415633,-0.1449412896941554,-0.1016665703507648,True,,,,replica,replica,aplicavel,aplicavel,inalterado,,,,,,,,,,,,
P1|S_HARM_soma|xaixai|2016,2016.0,13.0,3.0,10.0,2.0,log,0.0,True,7.16263838663237,0.018537997622599573,-0.294132242520321,-0.43026641749317723,-0.15799806754746476,2.2884796305220195e-05,0.04261221965798018,0.018086016285561113,0.06713842303039924,0.0006609796302729614,0.7999597051072239,0.6548478599128338,0.014467438910889804,0.011783001582023663,0.17980599093878724,-0.2818695460801812,-0.1808957408873758,True,P1_espacial,S_HARM_soma,xaixai,2016,-0.1516229957191031,-0.1233039300224601,-0.2147758951966428,-0.0884700962415633,-0.1449412896941554,-0.1016665703507648,True,,,,replica,replica,aplicavel,aplicavel,inalterado,,,,,,,,,,,,
P1|S_HARM_soma|inhambane|2016,2016.0,13.0,3.0,10.0,2.0,log,0.0,True,6.675826692516688,0.07633773720018164,-0.1832730130852671,-0.34699607314749314,-0.01954995302304105,0.02823536072081035,0.01406478758154811,-0.008436727011421931,0.03656630217451815,0.22053969522541628,0.9127723452163696,0.8912047764351638,0.051583843077099276,0.08064749711426618,0.3775359945373804,-0.1413473788640056,-0.19585093959503153,True,P1_espacial,S_HARM_soma,inhambane,2016,-0.1516229957191031,-0.1233039300224601,-0.2147758951966428,-0.0884700962415633,-0.1449412896941554,-0.1016665703507648,True,,,,replica,replica,aplicavel,aplicavel,inalterado,,,,,,,,,,,,
P1|S_HARM_soma|chimoio|2022,2022.0,13.0,9.0,4.0,2.0,log,0.0,True,7.35579556553557,0.02169371297398759,0.27746617661254247,0.17268333460568122,0.38224901861940375,2.1028585613609973e-07,0.11314071596600739,0.09415648370218092,0.13212494822983384,1.5971444523299e-31,0.9555659613530821,1.4576375673098405,0.4116444978818573,0.2424165419188651,0.04628292148653726,0.26006629749089916,0.13007236580614945,False,P1_espacial,S_HARM_soma,chimoio,2022,-0.1814076398139337,0.0082650499338196,-0.2585746940348555,-0.1042405855930118,-0.0158546076259165,0.0323847074935557,True,,"ambos os ramos vazios (ADR 0015). b2: vazio (desenho): ADR 0015 decisoes 2 e 4: o ramo b2 compara a soma de luz sobre um retangulo que CONTEM a mina de Moatize contra retangulos de controle sem mina. A queda de 2022 esta fora da Cidade de Tete (ADM2 +0,7%; resto do retangulo -12,7%). Geometrias nao comparaveis enquanto a decomposicao industrial/urbano/resto de §2.3 nao sustentar a leitura. | b3: vazio (desenho): EMENDA E8 (escrita antes de estimar os placebos): a inclinacao pos-2022 e NAO ESTIMAVEL com 4 pontos pos. Aplicar E8 aqui e execucao de clausula anterior, nao emenda nova.",,replica,nao estimavel,"vazio (desenho): ADR 0015 decisoes 2 e 4: o ramo b2 compara a soma de luz sobre um retangulo que CONTEM a mina de Moatize contra retangulos de controle sem mina. A queda de 2022 esta fora da Cidade de Tete (ADM2 +0,7%; resto do retangulo -12,7%). Geometrias nao comparaveis enquanto a decomposicao industrial/urbano/resto de §2.3 nao sustentar a leitura.","vazio (desenho): EMENDA E8 (escrita antes de estimar os placebos): a inclinacao pos-2022 e NAO ESTIMAVEL com 4 pontos pos. Aplicar E8 aqui e execucao de clausula anterior, nao emenda nova.","replica -> nao estimavel (ramo vazio, ADR 0015)",,,,,,,,,,,,
P1|S_HARM_soma|quelimane|2022,2022.0,13.0,9.0,4.0,2.0,log,0.0,True,6.981286852301326,0.004363086527134117,0.021974120086346582,-0.018607168800969458,0.06255540897366263,0.2885584885138711,0.12608915001316678,0.11800796669971782,0.13417033332661574,2.1939918604939294e-205,0.965349810975742,1.9499456419884371,0.9561876730286712,0.47877868035227067,0.04805625927236251,0.023932223116303497,0.12644723538254676,False,P1_espacial,S_HARM_soma,quelimane,2022,-0.1814076398139337,0.0082650499338196,-0.2585746940348555,-0.1042405855930118,-0.0158546076259165,0.0323847074935557,True,,"ambos os ramos vazios (ADR 0015). b2: vazio (desenho): ADR 0015 decisoes 2 e 4: o ramo b2 compara a soma de luz sobre um retangulo que CONTEM a mina de Moatize contra retangulos de controle sem mina. A queda de 2022 esta fora da Cidade de Tete (ADM2 +0,7%; resto do retangulo -12,7%). Geometrias nao comparaveis enquanto a decomposicao industrial/urbano/resto de §2.3 nao sustentar a leitura. | b3: vazio (desenho): EMENDA E8 (escrita antes de estimar os placebos): a inclinacao pos-2022 e NAO ESTIMAVEL com 4 pontos pos. Aplicar E8 aqui e execucao de clausula anterior, nao emenda nova.",,replica,nao estimavel,"vazio (desenho): ADR 0015 decisoes 2 e 4: o ramo b2 compara a soma de luz sobre um retangulo que CONTEM a mina de Moatize contra retangulos de controle sem mina. A queda de 2022 esta fora da Cidade de Tete (ADM2 +0,7%; resto do retangulo -12,7%). Geometrias nao comparaveis enquanto a decomposicao industrial/urbano/resto de §2.3 nao sustentar a leitura.","vazio (desenho): EMENDA E8 (escrita antes de estimar os placebos): a inclinacao pos-2022 e NAO ESTIMAVEL com 4 pontos pos. Aplicar E8 aqui e execucao de clausula anterior, nao emenda nova.","replica -> nao estimavel (ramo vazio, ADR 0015)",,,,,,,,,,,,
P1|S_HARM_soma|lichinga|2022,2022.0,13.0,9.0,4.0,2.0,log,0.0,True,6.301951600204651,-0.011229195407887381,0.17542646642431503,0.09966387993691796,0.2511890529117121,5.672299711122882e-06,0.17213474383777672,0.15853242668552484,0.1857370609900286,8.326774254899785e-136,0.9170658531970524,1.7814919939306095,0.8520056633910658,0.40500113856042186,0.03378488780476787,0.20006167967535138,0.18048935185879478,False,P1_espacial,S_HARM_soma,lichinga,2022,-0.1814076398139337,0.0082650499338196,-0.2585746940348555,-0.1042405855930118,-0.0158546076259165,0.0323847074935557,True,,"ambos os ramos vazios (ADR 0015). b2: vazio (desenho): ADR 0015 decisoes 2 e 4: o ramo b2 compara a soma de luz sobre um retangulo que CONTEM a mina de Moatize contra retangulos de controle sem mina. A queda de 2022 esta fora da Cidade de Tete (ADM2 +0,7%; resto do retangulo -12,7%). Geometrias nao comparaveis enquanto a decomposicao industrial/urbano/resto de §2.3 nao sustentar a leitura. | b3: vazio (desenho): EMENDA E8 (escrita antes de estimar os placebos): a inclinacao pos-2022 e NAO ESTIMAVEL com 4 pontos pos. Aplicar E8 aqui e execucao de clausula anterior, nao emenda nova.",,replica,nao estimavel,"vazio (desenho): ADR 0015 decisoes 2 e 4: o ramo b2 compara a soma de luz sobre um retangulo que CONTEM a mina de Moatize contra retangulos de controle sem mina. A queda de 2022 esta fora da Cidade de Tete (ADM2 +0,7%; resto do retangulo -12,7%). Geometrias nao comparaveis enquanto a decomposicao industrial/urbano/resto de §2.3 nao sustentar a leitura.","vazio (desenho): EMENDA E8 (escrita antes de estimar os placebos): a inclinacao pos-2022 e NAO ESTIMAVEL com 4 pontos pos. Aplicar E8 aqui e execucao de clausula anterior, nao emenda nova.","replica -> nao estimavel (ramo vazio, ADR 0015)",,,,,,,,,,,,
P1|S_HARM_soma|xaixai|2022,2022.0,13.0,9.0,4.0,2.0,log,0.0,True,6.9604298939532505,-0.01599510818000245,0.24711451390347217,0.1623770283591606,0.33185199944778376,1.0924195487151455e-08,0.11927541614698,0.10091969377298314,0.13763113852097686,3.738072695286535e-37,0.9186197183035189,2.043343174341737,0.8943469490612433,0.6423554798476088,0.10624949821924351,0.25043846110132506,0.11771838917552624,False,P1_espacial,S_HARM_soma,xaixai,2022,-0.1814076398139337,0.0082650499338196,-0.2585746940348555,-0.1042405855930118,-0.0158546076259165,0.0323847074935557,True,,"ambos os ramos vazios (ADR 0015). b2: vazio (desenho): ADR 0015 decisoes 2 e 4: o ramo b2 compara a soma de luz sobre um retangulo que CONTEM a mina de Moatize contra retangulos de controle sem mina. A queda de 2022 esta fora da Cidade de Tete (ADM2 +0,7%; resto do retangulo -12,7%). Geometrias nao comparaveis enquanto a decomposicao industrial/urbano/resto de §2.3 nao sustentar a leitura. | b3: vazio (desenho): EMENDA E8 (escrita antes de estimar os placebos): a inclinacao pos-2022 e NAO ESTIMAVEL com 4 pontos pos. Aplicar E8 aqui e execucao de clausula anterior, nao emenda nova.",,replica,nao estimavel,"vazio (desenho): ADR 0015 decisoes 2 e 4: o ramo b2 compara a soma de luz sobre um retangulo que CONTEM a mina de Moatize contra retangulos de controle sem mina. A queda de 2022 esta fora da Cidade de Tete (ADM2 +0,7%; resto do retangulo -12,7%). Geometrias nao comparaveis enquanto a decomposicao industrial/urbano/resto de §2.3 nao sustentar a leitura.","vazio (desenho): EMENDA E8 (escrita antes de estimar os placebos): a inclinacao pos-2022 e NAO ESTIMAVEL com 4 pontos pos. Aplicar E8 aqui e execucao de clausula anterior, nao emenda nova.","replica -> nao estimavel (ramo vazio, ADR 0015)",,,,,,,,,,,,
P1|S_HARM_soma|inhambane|2022,2022.0,13.0,9.0,4.0,2.0,log,0.0,True,6.81578633151782,0.036419075171577275,0.21741526823365587,0.15151497018556737,0.28331556628174437,1.0048203028194165e-10,0.084760768811045,0.052433155852964965,0.11708838176912503,2.763657835942379e-07,0.9814397546049204,1.6369811717985383,0.715871168865973,0.042948624106041396,5.234326959209833e-05,0.23499608917992454,0.09144674365073713,False,P1_espacial,S_HARM_soma,inhambane,2022,-0.1814076398139337,0.0082650499338196,-0.2585746940348555,-0.1042405855930118,-0.0158546076259165,0.0323847074935557,True,,"ambos os ramos vazios (ADR 0015). b2: vazio (desenho): ADR 0015 decisoes 2 e 4: o ramo b2 compara a soma de luz sobre um retangulo que CONTEM a mina de Moatize contra retangulos de controle sem mina. A queda de 2022 esta fora da Cidade de Tete (ADM2 +0,7%; resto do retangulo -12,7%). Geometrias nao comparaveis enquanto a decomposicao industrial/urbano/resto de §2.3 nao sustentar a leitura. | b3: vazio (desenho): EMENDA E8 (escrita antes de estimar os placebos): a inclinacao pos-2022 e NAO ESTIMAVEL com 4 pontos pos. Aplicar E8 aqui e execucao de clausula anterior, nao emenda nova.",,replica,nao estimavel,"vazio (desenho): ADR 0015 decisoes 2 e 4: o ramo b2 compara a soma de luz sobre um retangulo que CONTEM a mina de Moatize contra retangulos de controle sem mina. A queda de 2022 esta fora da Cidade de Tete (ADM2 +0,7%; resto do retangulo -12,7%). Geometrias nao comparaveis enquanto a decomposicao industrial/urbano/resto de §2.3 nao sustentar a leitura.","vazio (desenho): EMENDA E8 (escrita antes de estimar os placebos): a inclinacao pos-2022 e NAO ESTIMAVEL com 4 pontos pos. Aplicar E8 aqui e execucao de clausula anterior, nao emenda nova.","replica -> nao estimavel (ramo vazio, ADR 0015)",,,,,,,,,,,,
P2|S_WSF_taxa|tete_aoi|falsa1999(real2005),1999.0,23.0,6.0,17.0,2.0,log,0.0009,True,-0.32002231071440373,0.08484411417333969,-0.58715945887057,-1.4672166437732637,0.2928977260321236,0.1909902702197105,0.031305334402932886,-0.08796345783276108,0.15057412663862685,0.6069403526414128,0.49134205929580943,2.161233093422709,0.6234401670948766,0.793152288579995,0.05834862867912136,-0.7258353165488204,-0.05352474702741561,True,P2_temporal,S_WSF_taxa,tete_aoi,2005,-0.4023850355079365,0.0636054175042013,-1.237427700517887,0.4326576295020141,-0.0312247219331436,0.1584355569415463,True,1999.0,ambos os ramos vazios (ADR 0015). b2: vazio: IC95 do b2 de referencia de Tete [-1.2374; 0.4327] inclui zero — o teste relativo '>= 50% da magnitude' tem denominador que colapsa | b3: vazio: IC95 do b3 de referencia de Tete [-0.0312; 0.1584] inclui zero — o teste relativo '>= 50% da magnitude' tem denominador que colapsa,,passa,nao estimavel,vazio: IC95 do b2 de referencia de Tete [-1.2374; 0.4327] inclui zero — o teste relativo '>= 50% da magnitude' tem denominador que colapsa,vazio: IC95 do b3 de referencia de Tete [-0.0312; 0.1584] inclui zero — o teste relativo '>= 50% da magnitude' tem denominador que colapsa,"passa -> nao estimavel (ramo vazio, ADR 0015)",,,,,,,,,,,,
P2|S_WSF_taxa|tete_aoi|falsa2008(real2011),2008.0,20.0,12.0,8.0,2.0,log,0.0009,True,-0.3335133150957519,0.022782394362156632,0.834976042480232,0.13057175400190213,1.5393803309585619,0.020164528918664198,0.01237533257726988,-0.1340676509820915,0.15881831613663128,0.8684489172202607,0.45537284060509753,2.202392949373166,0.5518125874266552,0.7954720810242883,0.08453955994438733,0.6608521305813176,-0.008563380006509677,True,P2_temporal,S_WSF_taxa,tete_aoi,2011,0.6129174140384048,-0.1829947831686519,-0.0083963061144259,1.2342311341912358,-0.3126159959187632,-0.0533735704185406,True,2008.0,,,FALHA,passa,vazio: IC95 do b2 de referencia de Tete [-0.0084; 1.2342] inclui zero — o teste relativo '>= 50% da magnitude' tem denominador que colapsa,aplicavel,FALHA -> passa AFROUXAMENTO. NAO reabilita nada: o ramo que disparava usava um coeficiente de referencia de Tete cujo IC95 inclui zero. O veredito pre-ADR 0015 fica na coluna ao lado e continua publicavel.,,,,,,,,,,,,
P2|S_HARM_soma|tete_aoi|falsa2014(real2016),2014.0,13.0,1.0,12.0,2.0,log,0.0,False,,,,,,,,,,,,,,,,,,,P2_temporal,S_HARM_soma,tete_aoi,2016,-0.1516229957191031,-0.1233039300224601,-0.2147758951966428,-0.0884700962415633,-0.1449412896941554,-0.1016665703507648,True,2014.0,"pre=1, pos=12: modelo segmentado de 4 parametros exige >=3 de cada lado","EMENDA E4: com janela iniciando em 2013, a quebra falsa de 2014 tem 1 ponto pre. Nao estimavel como quebra.",nao estimavel,nao estimavel,aplicavel,aplicavel,inalterado,,,,,,,,,,,,
P2|S_HARM_soma|tete_aoi|falsa2019(real2022),2019.0,13.0,6.0,7.0,2.0,log,0.0,True,8.963672134682769,0.09262238211006901,-0.08710072427806459,-0.1574454596748132,-0.016755988881315992,0.0152316486852474,-0.05450389909319586,-0.07609413758083194,-0.03291366060555979,7.503024089003847e-07,0.948862437651596,1.9347579676375928,0.823749892032229,0.1804143853602815,0.005490001278923115,-0.04297179944900531,-0.03690437960350956,False,P2_temporal,S_HARM_soma,tete_aoi,2022,-0.1814076398139337,0.0082650499338196,-0.2585746940348555,-0.1042405855930118,-0.0158546076259165,0.0323847074935557,True,2019.0,"ambos os ramos vazios (ADR 0015). b2: vazio (desenho): ADR 0015 decisoes 2 e 4: o ramo b2 compara a soma de luz sobre um retangulo que CONTEM a mina de Moatize contra retangulos de controle sem mina. A queda de 2022 esta fora da Cidade de Tete (ADM2 +0,7%; resto do retangulo -12,7%). Geometrias nao comparaveis enquanto a decomposicao industrial/urbano/resto de §2.3 nao sustentar a leitura. | b3: vazio (desenho): EMENDA E8 (escrita antes de estimar os placebos): a inclinacao pos-2022 e NAO ESTIMAVEL com 4 pontos pos. Aplicar E8 aqui e execucao de clausula anterior, nao emenda nova.",,passa,nao estimavel,"vazio (desenho): ADR 0015 decisoes 2 e 4: o ramo b2 compara a soma de luz sobre um retangulo que CONTEM a mina de Moatize contra retangulos de controle sem mina. A queda de 2022 esta fora da Cidade de Tete (ADM2 +0,7%; resto do retangulo -12,7%). Geometrias nao comparaveis enquanto a decomposicao industrial/urbano/resto de §2.3 nao sustentar a leitura.","vazio (desenho): EMENDA E8 (escrita antes de estimar os placebos): a inclinacao pos-2022 e NAO ESTIMAVEL com 4 pontos pos. Aplicar E8 aqui e execucao de clausula anterior, nao emenda nova.","passa -> nao estimavel (ramo vazio, ADR 0015)",,,,,,,,,,,,
,,,,,,,,,,,,,,,,,,,,,,,,,,,P1_espacial,S_WSF_taxa,AGREGADO,2005,,,,,,,,,ambos os ramos vazios (ADR 0015). b2: vazio: IC95 do b2 de referencia de Tete [-1.2374; 0.4327] inclui zero — o teste relativo '>= 50% da magnitude' tem denominador que colapsa | b3: vazio: IC95 do b3 de referencia de Tete [-0.0312; 0.1584] inclui zero — o teste relativo '>= 50% da magnitude' tem denominador que colapsa,,passa,nao estimavel,vazio: IC95 do b2 de referencia de Tete [-1.2374; 0.4327] inclui zero — o teste relativo '>= 50% da magnitude' tem denominador que colapsa,vazio: IC95 do b3 de referencia de Tete [-0.0312; 0.1584] inclui zero — o teste relativo '>= 50% da magnitude' tem denominador que colapsa,"passa -> nao estimavel (ramo vazio, ADR 0015)",0.0,5.0,1.0,"ADR 0015: falha se >=2 controles com quebra de mesmo sinal, >=50% da magnitude de Tete e IC95 proprio que exclui zero, contados APENAS em ramos aplicaveis (coeficiente de referencia com IC95 que exclui zero). Todos os ramos vazios => nao estimavel.",,,,,,,,
,,,,,,,,,,,,,,,,,,,,,,,,,,,P1_espacial,S_WSF_taxa,AGREGADO,2011,,,,,,,,,,,FALHA,FALHA,vazio: IC95 do b2 de referencia de Tete [-0.0084; 1.2342] inclui zero — o teste relativo '>= 50% da magnitude' tem denominador que colapsa,aplicavel,inalterado,3.0,5.0,4.0,"ADR 0015: falha se >=2 controles com quebra de mesmo sinal, >=50% da magnitude de Tete e IC95 proprio que exclui zero, contados APENAS em ramos aplicaveis (coeficiente de referencia com IC95 que exclui zero). Todos os ramos vazios => nao estimavel.",,,,,,,,
,,,,,,,,,,,,,,,,,,,,,,,,,,,P1_espacial,S_HARM_soma,AGREGADO,2016,,,,,,,,,,,FALHA,FALHA,aplicavel,aplicavel,inalterado,4.0,5.0,5.0,"ADR 0015: falha se >=2 controles com quebra de mesmo sinal, >=50% da magnitude de Tete e IC95 proprio que exclui zero, contados APENAS em ramos aplicaveis (coeficiente de referencia com IC95 que exclui zero). Todos os ramos vazios => nao estimavel.",,,,,,,,
,,,,,,,,,,,,,,,,,,,,,,,,,,,P1_espacial,S_HARM_soma,AGREGADO,2022,,,,,,,,,"ambos os ramos vazios (ADR 0015). b2: vazio (desenho): ADR 0015 decisoes 2 e 4: o ramo b2 compara a soma de luz sobre um retangulo que CONTEM a mina de Moatize contra retangulos de controle sem mina. A queda de 2022 esta fora da Cidade de Tete (ADM2 +0,7%; resto do retangulo -12,7%). Geometrias nao comparaveis enquanto a decomposicao industrial/urbano/resto de §2.3 nao sustentar a leitura. | b3: vazio (desenho): EMENDA E8 (escrita antes de estimar os placebos): a inclinacao pos-2022 e NAO ESTIMAVEL com 4 pontos pos. Aplicar E8 aqui e execucao de clausula anterior, nao emenda nova.",,FALHA,nao estimavel,"vazio (desenho): ADR 0015 decisoes 2 e 4: o ramo b2 compara a soma de luz sobre um retangulo que CONTEM a mina de Moatize contra retangulos de controle sem mina. A queda de 2022 esta fora da Cidade de Tete (ADM2 +0,7%; resto do retangulo -12,7%). Geometrias nao comparaveis enquanto a decomposicao industrial/urbano/resto de §2.3 nao sustentar a leitura.","vazio (desenho): EMENDA E8 (escrita antes de estimar os placebos): a inclinacao pos-2022 e NAO ESTIMAVEL com 4 pontos pos. Aplicar E8 aqui e execucao de clausula anterior, nao emenda nova.","FALHA -> nao estimavel (ramo vazio, ADR 0015)",0.0,5.0,5.0,"ADR 0015: falha se >=2 controles com quebra de mesmo sinal, >=50% da magnitude de Tete e IC95 proprio que exclui zero, contados APENAS em ramos aplicaveis (coeficiente de referencia com IC95 que exclui zero). Todos os ramos vazios => nao estimavel.",,,,,,,,
,,,,,,,,,,,,,,,,,,,,,,,,,,,P2_temporal,S_WSF_taxa,AGREGADO,2005,,,,,,,,1999.0,ambos os ramos vazios (ADR 0015). b2: vazio: IC95 do b2 de referencia de Tete [-1.2374; 0.4327] inclui zero — o teste relativo '>= 50% da magnitude' tem denominador que colapsa | b3: vazio: IC95 do b3 de referencia de Tete [-0.0312; 0.1584] inclui zero — o teste relativo '>= 50% da magnitude' tem denominador que colapsa,,passa,nao estimavel,vazio: IC95 do b2 de referencia de Tete [-1.2374; 0.4327] inclui zero — o teste relativo '>= 50% da magnitude' tem denominador que colapsa,vazio: IC95 do b3 de referencia de Tete [-0.0312; 0.1584] inclui zero — o teste relativo '>= 50% da magnitude' tem denominador que colapsa,"passa -> nao estimavel (ramo vazio, ADR 0015)",,,,"ADR 0015: falha se o placebo produz b2 ou b3 de mesmo sinal, >=50% da magnitude real, com IC95 que exclui zero, em ramo aplicavel. Todos os ramos vazios => nao estimavel.",,,,,,,,
,,,,,,,,,,,,,,,,,,,,,,,,,,,P2_temporal,S_WSF_taxa,AGREGADO,2011,,,,,,,,2008.0,,,FALHA,passa,vazio: IC95 do b2 de referencia de Tete [-0.0084; 1.2342] inclui zero — o teste relativo '>= 50% da magnitude' tem denominador que colapsa,aplicavel,FALHA -> passa AFROUXAMENTO. NAO reabilita nada: o ramo que disparava usava um coeficiente de referencia de Tete cujo IC95 inclui zero. O veredito pre-ADR 0015 fica na coluna ao lado e continua publicavel.,,,,"ADR 0015: falha se o placebo produz b2 ou b3 de mesmo sinal, >=50% da magnitude real, com IC95 que exclui zero, em ramo aplicavel. Todos os ramos vazios => nao estimavel.",,,,,,,,
,,,,,,,,,,,,,,,,,,,,,,,,,,,P2_temporal,S_HARM_soma,AGREGADO,2016,,,,,,,,2014.0,"pre=1, pos=12: modelo segmentado de 4 parametros exige >=3 de cada lado",,nao estimavel,nao estimavel,aplicavel,aplicavel,inalterado,,,,"ADR 0015: falha se o placebo produz b2 ou b3 de mesmo sinal, >=50% da magnitude real, com IC95 que exclui zero, em ramo aplicavel. Todos os ramos vazios => nao estimavel.",,,,,,,,
,,,,,,,,,,,,,,,,,,,,,,,,,,,P2_temporal,S_HARM_soma,AGREGADO,2022,,,,,,,,2019.0,"ambos os ramos vazios (ADR 0015). b2: vazio (desenho): ADR 0015 decisoes 2 e 4: o ramo b2 compara a soma de luz sobre um retangulo que CONTEM a mina de Moatize contra retangulos de controle sem mina. A queda de 2022 esta fora da Cidade de Tete (ADM2 +0,7%; resto do retangulo -12,7%). Geometrias nao comparaveis enquanto a decomposicao industrial/urbano/resto de §2.3 nao sustentar a leitura. | b3: vazio (desenho): EMENDA E8 (escrita antes de estimar os placebos): a inclinacao pos-2022 e NAO ESTIMAVEL com 4 pontos pos. Aplicar E8 aqui e execucao de clausula anterior, nao emenda nova.",,passa,nao estimavel,"vazio (desenho): ADR 0015 decisoes 2 e 4: o ramo b2 compara a soma de luz sobre um retangulo que CONTEM a mina de Moatize contra retangulos de controle sem mina. A queda de 2022 esta fora da Cidade de Tete (ADM2 +0,7%; resto do retangulo -12,7%). Geometrias nao comparaveis enquanto a decomposicao industrial/urbano/resto de §2.3 nao sustentar a leitura.","vazio (desenho): EMENDA E8 (escrita antes de estimar os placebos): a inclinacao pos-2022 e NAO ESTIMAVEL com 4 pontos pos. Aplicar E8 aqui e execucao de clausula anterior, nao emenda nova.","passa -> nao estimavel (ramo vazio, ADR 0015)",,,,"ADR 0015: falha se o placebo produz b2 ou b3 de mesmo sinal, >=50% da magnitude real, com IC95 que exclui zero, em ramo aplicavel. Todos os ramos vazios => nao estimavel.",,,,,,,,
,,,,,,,,False,,,,,,,,,,,,,,,,,,,P3_capacidade,serie propria (S_SUST),tete_aoi,todas,,,,,,,,,6 anos-ancora: nao se ajusta modelo segmentado de 4 parametros. Reportado como serie pareada (§1.3 item 5).,,,passa (descritivo),,,,,,,,0.7566,"{""2000"": 3.0, ""2005"": 4.0, ""2010"": 4.0, ""2015"": 10.0, ""2020"": 31.0, ""2025"": 42.0}","|rho| > 0,8","o DESFECHO da serie propria — que ja esta proibido como desfecho causal (ADR 0013). Nao transfere veredito as series usadas de fato (S_WSF_taxa, S_HARM_soma).",,,,
,,,,,,,,False,,,,,,,,,,,,,,,,,,,P3_capacidade,S_HARM_soma,tete_aoi,todas,,,,,,,,,"O produto Chen/Yu e um composto anual harmonizado; os recortes espelhados nao trazem a contagem de noites validas por pixel, e ela nao e derivavel do raster de radiancia. NAO ESTIMAVEL.",,,nao estimavel,,,,,,,,,,,,,,,
,,,,,,,,False,,,,,,,,,,,,,,,,,,,P3_capacidade,S_WSF_taxa,tete_aoi,todas,,,,,,,,,"O WSF Evolution nao publica, nos tiles espelhados, a contagem de cenas Landsat por ano usada na deteccao. A capacidade de observacao do Landsat cresce no periodo e e uma explicacao alternativa viva para a taxa de primeira deteccao. NAO ESTIMAVEL — e e um limite real, nao formalidade.",,,nao estimavel,,,,,,,,,,,,,,,
,,,,,,,,False,,,,,,,,,,,,,,,,,,,P4_radiometria_paisagem,"fracao AOI NDVI(seca)>=0,30",tete_aoi,todas,,,,,,,,,"serie ANUAL de NDVI de paisagem 1997-2025 NAO foi construida (pre-requisito (iii) do §9, ainda nao satisfeito — EMENDA E1). Com 6 pontos o teste e descritivo, conforme a alternativa ja pre-registrada em §4.4.",,,FALHA (descritivo),,,,,,,,,,,"a MEDICAO da serie propria e, por tabela, a suficiencia de ADR 0014. Nao se aplica a S_WSF_taxa nem a S_HARM_soma, que nao derivam da classificacao propria.","{""2000"": 10.8, ""2005"": 11.1, ""2010"": 76.7, ""2015"": 90.9, ""2020"": 27.6, ""2025"": 6.1}","[1.0, 1.0, 1.0, -1.0, -1.0]","[1.0, 1.0, 1.0, -1.0, 1.0]",4.0
