unidade,adm2_nome,adm2_pcode,papel,ano,soma_radiancia,media_radiancia,max_radiancia,n_pixels,n_acesos,frac_acesos,soma_radiancia_adm2_int_recorte,cobertura_adm2_no_recorte,janela_homogenea,geometria,selo,nivel_fonte,fonte
tete_aoi,Cidade de Tete,MZ0501,tratada,2000,400.007399675902,0.03827089549137983,13.093880653381348,10452,151,0.014446995790279372,357.38153076171875,0.8453,False,recorte fixo (EMENDA E6); ADM2 apenas como sensibilidade,observado,A,"Chen, Z., Yu, B. et al. (2021) ESSD 13:889-906, DOI 10.5194/essd-13-889-2021; dataset Harvard Dataverse 10.7910/DVN/YGIVCD (CC0). ATENCAO: prefixo de arquivo 'viirs_like_li2020_' e heranca de erro; NAO e Li et al. 2020."
tete_aoi,Cidade de Tete,MZ0501,tratada,2005,410.59026644156984,0.03928341623053672,15.36005973815918,10452,273,0.026119402985074626,359.040283203125,0.8453,False,recorte fixo (EMENDA E6); ADM2 apenas como sensibilidade,observado,A,"Chen, Z., Yu, B. et al. (2021) ESSD 13:889-906, DOI 10.5194/essd-13-889-2021; dataset Harvard Dataverse 10.7910/DVN/YGIVCD (CC0). ATENCAO: prefixo de arquivo 'viirs_like_li2020_' e heranca de erro; NAO e Li et al. 2020."
tete_aoi,Cidade de Tete,MZ0501,tratada,2008,862.9313869890757,0.08256136500086832,18.0781192779541,10452,381,0.03645235361653272,773.7606201171875,0.8453,False,recorte fixo (EMENDA E6); ADM2 apenas como sensibilidade,observado,A,"Chen, Z., Yu, B. et al. (2021) ESSD 13:889-906, DOI 10.5194/essd-13-889-2021; dataset Harvard Dataverse 10.7910/DVN/YGIVCD (CC0). ATENCAO: prefixo de arquivo 'viirs_like_li2020_' e heranca de erro; NAO e Li et al. 2020."
tete_aoi,Cidade de Tete,MZ0501,tratada,2010,1739.8479936795652,0.16646077245307742,25.806880950927734,10452,782,0.07481821660926138,1210.9659423828125,0.8453,False,recorte fixo (EMENDA E6); ADM2 apenas como sensibilidade,observado,A,"Chen, Z., Yu, B. et al. (2021) ESSD 13:889-906, DOI 10.5194/essd-13-889-2021; dataset Harvard Dataverse 10.7910/DVN/YGIVCD (CC0). ATENCAO: prefixo de arquivo 'viirs_like_li2020_' e heranca de erro; NAO e Li et al. 2020."
tete_aoi,Cidade de Tete,MZ0501,tratada,2011,3640.6475503969996,0.3483206611554726,30.041263580322266,10452,1449,0.1386337543053961,1980.5885009765625,0.8453,False,recorte fixo (EMENDA E6); ADM2 apenas como sensibilidade,observado,A,"Chen, Z., Yu, B. et al. (2021) ESSD 13:889-906, DOI 10.5194/essd-13-889-2021; dataset Harvard Dataverse 10.7910/DVN/YGIVCD (CC0). ATENCAO: prefixo de arquivo 'viirs_like_li2020_' e heranca de erro; NAO e Li et al. 2020."
tete_aoi,Cidade de Tete,MZ0501,tratada,2012,4385.317268104409,0.4195672855055883,43.5068473815918,10452,1025,0.0980673555300421,2613.390625,0.8453,False,recorte fixo (EMENDA E6); ADM2 apenas como sensibilidade,observado,A,"Chen, Z., Yu, B. et al. (2021) ESSD 13:889-906, DOI 10.5194/essd-13-889-2021; dataset Harvard Dataverse 10.7910/DVN/YGIVCD (CC0). ATENCAO: prefixo de arquivo 'viirs_like_li2020_' e heranca de erro; NAO e Li et al. 2020."
tete_aoi,Cidade de Tete,MZ0501,tratada,2013,4199.878945827484,0.4018253870864413,48.75304412841797,10452,680,0.06505931879066207,2413.03369140625,0.8453,True,recorte fixo (EMENDA E6); ADM2 apenas como sensibilidade,observado,A,"Chen, Z., Yu, B. et al. (2021) ESSD 13:889-906, DOI 10.5194/essd-13-889-2021; dataset Harvard Dataverse 10.7910/DVN/YGIVCD (CC0). ATENCAO: prefixo de arquivo 'viirs_like_li2020_' e heranca de erro; NAO e Li et al. 2020."
tete_aoi,Cidade de Tete,MZ0501,tratada,2014,5168.962893128395,0.4945429480605047,73.3895492553711,10452,799,0.07644469957902794,2792.786376953125,0.8453,True,recorte fixo (EMENDA E6); ADM2 apenas como sensibilidade,observado,A,"Chen, Z., Yu, B. et al. (2021) ESSD 13:889-906, DOI 10.5194/essd-13-889-2021; dataset Harvard Dataverse 10.7910/DVN/YGIVCD (CC0). ATENCAO: prefixo de arquivo 'viirs_like_li2020_' e heranca de erro; NAO e Li et al. 2020."
tete_aoi,Cidade de Tete,MZ0501,tratada,2015,5894.01505279541,0.5639126533482023,61.96377944946289,10452,855,0.08180252583237659,3247.8974609375,0.8453,True,recorte fixo (EMENDA E6); ADM2 apenas como sensibilidade,observado,A,"Chen, Z., Yu, B. et al. (2021) ESSD 13:889-906, DOI 10.5194/essd-13-889-2021; dataset Harvard Dataverse 10.7910/DVN/YGIVCD (CC0). ATENCAO: prefixo de arquivo 'viirs_like_li2020_' e heranca de erro; NAO e Li et al. 2020."
tete_aoi,Cidade de Tete,MZ0501,tratada,2016,5597.993212819099,0.53559062503053,58.8369026184082,10452,873,0.08352468427095293,3016.395263671875,0.8453,True,recorte fixo (EMENDA E6); ADM2 apenas como sensibilidade,observado,A,"Chen, Z., Yu, B. et al. (2021) ESSD 13:889-906, DOI 10.5194/essd-13-889-2021; dataset Harvard Dataverse 10.7910/DVN/YGIVCD (CC0). ATENCAO: prefixo de arquivo 'viirs_like_li2020_' e heranca de erro; NAO e Li et al. 2020."
tete_aoi,Cidade de Tete,MZ0501,tratada,2017,6312.8714327812195,0.6039869338673192,60.64500045776367,10452,1027,0.09825870646766169,3533.70068359375,0.8453,True,recorte fixo (EMENDA E6); ADM2 apenas como sensibilidade,observado,A,"Chen, Z., Yu, B. et al. (2021) ESSD 13:889-906, DOI 10.5194/essd-13-889-2021; dataset Harvard Dataverse 10.7910/DVN/YGIVCD (CC0). ATENCAO: prefixo de arquivo 'viirs_like_li2020_' e heranca de erro; NAO e Li et al. 2020."
tete_aoi,Cidade de Tete,MZ0501,tratada,2018,7197.740010976791,0.6886471499212391,60.470001220703125,10452,1193,0.11414083429008802,3849.650390625,0.8453,True,recorte fixo (EMENDA E6); ADM2 apenas como sensibilidade,observado,A,"Chen, Z., Yu, B. et al. (2021) ESSD 13:889-906, DOI 10.5194/essd-13-889-2021; dataset Harvard Dataverse 10.7910/DVN/YGIVCD (CC0). ATENCAO: prefixo de arquivo 'viirs_like_li2020_' e heranca de erro; NAO e Li et al. 2020."
tete_aoi,Cidade de Tete,MZ0501,tratada,2019,7334.804988980293,0.7017609059491287,68.93000030517578,10452,1176,0.11251435132032148,3885.750244140625,0.8453,True,recorte fixo (EMENDA E6); ADM2 apenas como sensibilidade,observado,A,"Chen, Z., Yu, B. et al. (2021) ESSD 13:889-906, DOI 10.5194/essd-13-889-2021; dataset Harvard Dataverse 10.7910/DVN/YGIVCD (CC0). ATENCAO: prefixo de arquivo 'viirs_like_li2020_' e heranca de erro; NAO e Li et al. 2020."
tete_aoi,Cidade de Tete,MZ0501,tratada,2020,7664.6649878025055,0.733320415978043,70.38999938964844,10452,1322,0.12648296976655185,3935.94482421875,0.8453,True,recorte fixo (EMENDA E6); ADM2 apenas como sensibilidade,observado,A,"Chen, Z., Yu, B. et al. (2021) ESSD 13:889-906, DOI 10.5194/essd-13-889-2021; dataset Harvard Dataverse 10.7910/DVN/YGIVCD (CC0). ATENCAO: prefixo de arquivo 'viirs_like_li2020_' e heranca de erro; NAO e Li et al. 2020."
tete_aoi,Cidade de Tete,MZ0501,tratada,2021,7725.574998497963,0.7391480098065406,63.70500183105469,10452,1471,0.14073861461921164,3863.169921875,0.8453,True,recorte fixo (EMENDA E6); ADM2 apenas como sensibilidade,observado,A,"Chen, Z., Yu, B. et al. (2021) ESSD 13:889-906, DOI 10.5194/essd-13-889-2021; dataset Harvard Dataverse 10.7910/DVN/YGIVCD (CC0). ATENCAO: prefixo de arquivo 'viirs_like_li2020_' e heranca de erro; NAO e Li et al. 2020."
tete_aoi,Cidade de Tete,MZ0501,tratada,2022,7259.210007309914,0.6945283206381471,49.86000061035156,10452,1469,0.14054726368159204,3888.705078125,0.8453,True,recorte fixo (EMENDA E6); ADM2 apenas como sensibilidade,observado,A,"Chen, Z., Yu, B. et al. (2021) ESSD 13:889-906, DOI 10.5194/essd-13-889-2021; dataset Harvard Dataverse 10.7910/DVN/YGIVCD (CC0). ATENCAO: prefixo de arquivo 'viirs_like_li2020_' e heranca de erro; NAO e Li et al. 2020."
tete_aoi,Cidade de Tete,MZ0501,tratada,2023,8384.539993047714,0.8021947945893335,47.68499755859375,10452,1523,0.1457137389973211,4642.54052734375,0.8453,True,recorte fixo (EMENDA E6); ADM2 apenas como sensibilidade,observado,A,"Chen, Z., Yu, B. et al. (2021) ESSD 13:889-906, DOI 10.5194/essd-13-889-2021; dataset Harvard Dataverse 10.7910/DVN/YGIVCD (CC0). ATENCAO: prefixo de arquivo 'viirs_like_li2020_' e heranca de erro; NAO e Li et al. 2020."
tete_aoi,Cidade de Tete,MZ0501,tratada,2024,8694.230002880096,0.8318245314657574,54.869998931884766,10452,1538,0.14714887102946805,4877.39501953125,0.8453,True,recorte fixo (EMENDA E6); ADM2 apenas como sensibilidade,observado,A,"Chen, Z., Yu, B. et al. (2021) ESSD 13:889-906, DOI 10.5194/essd-13-889-2021; dataset Harvard Dataverse 10.7910/DVN/YGIVCD (CC0). ATENCAO: prefixo de arquivo 'viirs_like_li2020_' e heranca de erro; NAO e Li et al. 2020."
tete_aoi,Cidade de Tete,MZ0501,tratada,2025,9366.065004348755,0.8961026601941021,49.875,10452,1585,0.1516456180635285,5601.75537109375,0.8453,True,recorte fixo (EMENDA E6); ADM2 apenas como sensibilidade,observado,A,"Chen, Z., Yu, B. et al. (2021) ESSD 13:889-906, DOI 10.5194/essd-13-889-2021; dataset Harvard Dataverse 10.7910/DVN/YGIVCD (CC0). ATENCAO: prefixo de arquivo 'viirs_like_li2020_' e heranca de erro; NAO e Li et al. 2020."
chimoio,Cidade de Chimoio,MZ0601,controle,2000,211.44103805348277,0.047102035654596294,9.78079605102539,4489,89,0.019826241924704835,211.44105529785156,1.0,False,recorte fixo (EMENDA E6); ADM2 apenas como sensibilidade,observado,A,"Chen, Z., Yu, B. et al. (2021) ESSD 13:889-906, DOI 10.5194/essd-13-889-2021; dataset Harvard Dataverse 10.7910/DVN/YGIVCD (CC0). ATENCAO: prefixo de arquivo 'viirs_like_li2020_' e heranca de erro; NAO e Li et al. 2020."
chimoio,Cidade de Chimoio,MZ0601,controle,2005,512.4750325535424,0.1141624042222193,12.380112648010254,4489,187,0.04165738471820005,512.455810546875,1.0,False,recorte fixo (EMENDA E6); ADM2 apenas como sensibilidade,observado,A,"Chen, Z., Yu, B. et al. (2021) ESSD 13:889-906, DOI 10.5194/essd-13-889-2021; dataset Harvard Dataverse 10.7910/DVN/YGIVCD (CC0). ATENCAO: prefixo de arquivo 'viirs_like_li2020_' e heranca de erro; NAO e Li et al. 2020."
chimoio,Cidade de Chimoio,MZ0601,controle,2008,763.1903712305684,0.17001344870362406,18.55453109741211,4489,239,0.05324125640454444,763.1903686523438,1.0,False,recorte fixo (EMENDA E6); ADM2 apenas como sensibilidade,observado,A,"Chen, Z., Yu, B. et al. (2021) ESSD 13:889-906, DOI 10.5194/essd-13-889-2021; dataset Harvard Dataverse 10.7910/DVN/YGIVCD (CC0). ATENCAO: prefixo de arquivo 'viirs_like_li2020_' e heranca de erro; NAO e Li et al. 2020."
chimoio,Cidade de Chimoio,MZ0601,controle,2010,751.7590600225885,0.16746693250670272,17.0551700592041,4489,308,0.06861216306527067,749.6962890625,1.0,False,recorte fixo (EMENDA E6); ADM2 apenas como sensibilidade,observado,A,"Chen, Z., Yu, B. et al. (2021) ESSD 13:889-906, DOI 10.5194/essd-13-889-2021; dataset Harvard Dataverse 10.7910/DVN/YGIVCD (CC0). ATENCAO: prefixo de arquivo 'viirs_like_li2020_' e heranca de erro; NAO e Li et al. 2020."
chimoio,Cidade de Chimoio,MZ0601,controle,2011,1125.5533814105293,0.2507358835844351,28.066328048706055,4489,504,0.11227444865226108,1070.3026123046875,1.0,False,recorte fixo (EMENDA E6); ADM2 apenas como sensibilidade,observado,A,"Chen, Z., Yu, B. et al. (2021) ESSD 13:889-906, DOI 10.5194/essd-13-889-2021; dataset Harvard Dataverse 10.7910/DVN/YGIVCD (CC0). ATENCAO: prefixo de arquivo 'viirs_like_li2020_' e heranca de erro; NAO e Li et al. 2020."
chimoio,Cidade de Chimoio,MZ0601,controle,2012,1716.692968864576,0.3824221360803243,47.094539642333984,4489,332,0.073958565382045,1708.7315673828125,1.0,False,recorte fixo (EMENDA E6); ADM2 apenas como sensibilidade,observado,A,"Chen, Z., Yu, B. et al. (2021) ESSD 13:889-906, DOI 10.5194/essd-13-889-2021; dataset Harvard Dataverse 10.7910/DVN/YGIVCD (CC0). ATENCAO: prefixo de arquivo 'viirs_like_li2020_' e heranca de erro; NAO e Li et al. 2020."
chimoio,Cidade de Chimoio,MZ0601,controle,2013,1191.5870125293732,0.26544598185105217,27.811338424682617,4489,222,0.04945422143016262,1179.61767578125,1.0,True,recorte fixo (EMENDA E6); ADM2 apenas como sensibilidade,observado,A,"Chen, Z., Yu, B. et al. (2021) ESSD 13:889-906, DOI 10.5194/essd-13-889-2021; dataset Harvard Dataverse 10.7910/DVN/YGIVCD (CC0). ATENCAO: prefixo de arquivo 'viirs_like_li2020_' e heranca de erro; NAO e Li et al. 2020."
chimoio,Cidade de Chimoio,MZ0601,controle,2014,1310.7211791276932,0.2919851145305621,32.48883819580078,4489,251,0.05591445756293161,1290.98779296875,1.0,True,recorte fixo (EMENDA E6); ADM2 apenas como sensibilidade,observado,A,"Chen, Z., Yu, B. et al. (2021) ESSD 13:889-906, DOI 10.5194/essd-13-889-2021; dataset Harvard Dataverse 10.7910/DVN/YGIVCD (CC0). ATENCAO: prefixo de arquivo 'viirs_like_li2020_' e heranca de erro; NAO e Li et al. 2020."
chimoio,Cidade de Chimoio,MZ0601,controle,2015,1545.9761109352112,0.34439209421590805,34.35609436035156,4489,293,0.0652706616172867,1493.7996826171875,1.0,True,recorte fixo (EMENDA E6); ADM2 apenas como sensibilidade,observado,A,"Chen, Z., Yu, B. et al. (2021) ESSD 13:889-906, DOI 10.5194/essd-13-889-2021; dataset Harvard Dataverse 10.7910/DVN/YGIVCD (CC0). ATENCAO: prefixo de arquivo 'viirs_like_li2020_' e heranca de erro; NAO e Li et al. 2020."
chimoio,Cidade de Chimoio,MZ0601,controle,2016,1447.3974982500076,0.3224320557473842,32.449302673339844,4489,295,0.06571619514368456,1398.234130859375,1.0,True,recorte fixo (EMENDA E6); ADM2 apenas como sensibilidade,observado,A,"Chen, Z., Yu, B. et al. (2021) ESSD 13:889-906, DOI 10.5194/essd-13-889-2021; dataset Harvard Dataverse 10.7910/DVN/YGIVCD (CC0). ATENCAO: prefixo de arquivo 'viirs_like_li2020_' e heranca de erro; NAO e Li et al. 2020."
chimoio,Cidade de Chimoio,MZ0601,controle,2017,1388.783588051796,0.3093748246940958,31.20192527770996,4489,335,0.07462686567164178,1297.5408935546875,1.0,True,recorte fixo (EMENDA E6); ADM2 apenas como sensibilidade,observado,A,"Chen, Z., Yu, B. et al. (2021) ESSD 13:889-906, DOI 10.5194/essd-13-889-2021; dataset Harvard Dataverse 10.7910/DVN/YGIVCD (CC0). ATENCAO: prefixo de arquivo 'viirs_like_li2020_' e heranca de erro; NAO e Li et al. 2020."
chimoio,Cidade de Chimoio,MZ0601,controle,2018,1341.7599954605103,0.29889953117854984,29.25,4489,344,0.07663176654043216,1254.31005859375,1.0,True,recorte fixo (EMENDA E6); ADM2 apenas como sensibilidade,observado,A,"Chen, Z., Yu, B. et al. (2021) ESSD 13:889-906, DOI 10.5194/essd-13-889-2021; dataset Harvard Dataverse 10.7910/DVN/YGIVCD (CC0). ATENCAO: prefixo de arquivo 'viirs_like_li2020_' e heranca de erro; NAO e Li et al. 2020."
chimoio,Cidade de Chimoio,MZ0601,controle,2019,1343.6950064897537,0.2993305873222886,30.815000534057617,4489,349,0.07774560035642682,1262.25,1.0,True,recorte fixo (EMENDA E6); ADM2 apenas como sensibilidade,observado,A,"Chen, Z., Yu, B. et al. (2021) ESSD 13:889-906, DOI 10.5194/essd-13-889-2021; dataset Harvard Dataverse 10.7910/DVN/YGIVCD (CC0). ATENCAO: prefixo de arquivo 'viirs_like_li2020_' e heranca de erro; NAO e Li et al. 2020."
chimoio,Cidade de Chimoio,MZ0601,controle,2020,1458.4200056791306,0.32488750404970607,28.985000610351562,4489,433,0.096458008465137,1337.7349853515625,1.0,True,recorte fixo (EMENDA E6); ADM2 apenas como sensibilidade,observado,A,"Chen, Z., Yu, B. et al. (2021) ESSD 13:889-906, DOI 10.5194/essd-13-889-2021; dataset Harvard Dataverse 10.7910/DVN/YGIVCD (CC0). ATENCAO: prefixo de arquivo 'viirs_like_li2020_' e heranca de erro; NAO e Li et al. 2020."
chimoio,Cidade de Chimoio,MZ0601,controle,2021,1664.7449989318848,0.37084985496366335,30.395000457763672,4489,478,0.10648251280908888,1498.6900634765625,1.0,True,recorte fixo (EMENDA E6); ADM2 apenas como sensibilidade,observado,A,"Chen, Z., Yu, B. et al. (2021) ESSD 13:889-906, DOI 10.5194/essd-13-889-2021; dataset Harvard Dataverse 10.7910/DVN/YGIVCD (CC0). ATENCAO: prefixo de arquivo 'viirs_like_li2020_' e heranca de erro; NAO e Li et al. 2020."
chimoio,Cidade de Chimoio,MZ0601,controle,2022,2016.9600011110306,0.449311650949216,27.415000915527344,4489,568,0.12653152149699265,1786.530029296875,1.0,True,recorte fixo (EMENDA E6); ADM2 apenas como sensibilidade,observado,A,"Chen, Z., Yu, B. et al. (2021) ESSD 13:889-906, DOI 10.5194/essd-13-889-2021; dataset Harvard Dataverse 10.7910/DVN/YGIVCD (CC0). ATENCAO: prefixo de arquivo 'viirs_like_li2020_' e heranca de erro; NAO e Li et al. 2020."
chimoio,Cidade de Chimoio,MZ0601,controle,2023,2444.174996495247,0.5444809526610039,35.11000061035156,4489,619,0.1378926264201381,2170.4951171875,1.0,True,recorte fixo (EMENDA E6); ADM2 apenas como sensibilidade,observado,A,"Chen, Z., Yu, B. et al. (2021) ESSD 13:889-906, DOI 10.5194/essd-13-889-2021; dataset Harvard Dataverse 10.7910/DVN/YGIVCD (CC0). ATENCAO: prefixo de arquivo 'viirs_like_li2020_' e heranca de erro; NAO e Li et al. 2020."
chimoio,Cidade de Chimoio,MZ0601,controle,2024,2718.7900005578995,0.6056560482419023,33.904998779296875,4489,688,0.15326353308086432,2374.920166015625,1.0,True,recorte fixo (EMENDA E6); ADM2 apenas como sensibilidade,observado,A,"Chen, Z., Yu, B. et al. (2021) ESSD 13:889-906, DOI 10.5194/essd-13-889-2021; dataset Harvard Dataverse 10.7910/DVN/YGIVCD (CC0). ATENCAO: prefixo de arquivo 'viirs_like_li2020_' e heranca de erro; NAO e Li et al. 2020."
chimoio,Cidade de Chimoio,MZ0601,controle,2025,3051.235005736351,0.6797137459871577,33.31999969482422,4489,715,0.15927823568723545,2690.669921875,1.0,True,recorte fixo (EMENDA E6); ADM2 apenas como sensibilidade,observado,A,"Chen, Z., Yu, B. et al. (2021) ESSD 13:889-906, DOI 10.5194/essd-13-889-2021; dataset Harvard Dataverse 10.7910/DVN/YGIVCD (CC0). ATENCAO: prefixo de arquivo 'viirs_like_li2020_' e heranca de erro; NAO e Li et al. 2020."
quelimane,Quelimane,MZ0401,controle,2000,398.5390236778185,0.08878124831316964,19.360658645629883,4489,100,0.022276676319893073,253.73336791992188,0.5344,False,recorte fixo (EMENDA E6); ADM2 apenas como sensibilidade,observado,A,"Chen, Z., Yu, B. et al. (2021) ESSD 13:889-906, DOI 10.5194/essd-13-889-2021; dataset Harvard Dataverse 10.7910/DVN/YGIVCD (CC0). ATENCAO: prefixo de arquivo 'viirs_like_li2020_' e heranca de erro; NAO e Li et al. 2020."
quelimane,Quelimane,MZ0401,controle,2005,532.7308442537969,0.11867472583065203,19.514556884765625,4489,166,0.0369792826910225,527.3461303710938,0.5344,False,recorte fixo (EMENDA E6); ADM2 apenas como sensibilidade,observado,A,"Chen, Z., Yu, B. et al. (2021) ESSD 13:889-906, DOI 10.5194/essd-13-889-2021; dataset Harvard Dataverse 10.7910/DVN/YGIVCD (CC0). ATENCAO: prefixo de arquivo 'viirs_like_li2020_' e heranca de erro; NAO e Li et al. 2020."
quelimane,Quelimane,MZ0401,controle,2008,538.5422978369752,0.11996932453485747,27.61502456665039,4489,157,0.03497438182223212,533.3261108398438,0.5344,False,recorte fixo (EMENDA E6); ADM2 apenas como sensibilidade,observado,A,"Chen, Z., Yu, B. et al. (2021) ESSD 13:889-906, DOI 10.5194/essd-13-889-2021; dataset Harvard Dataverse 10.7910/DVN/YGIVCD (CC0). ATENCAO: prefixo de arquivo 'viirs_like_li2020_' e heranca de erro; NAO e Li et al. 2020."
quelimane,Quelimane,MZ0401,controle,2010,788.4401036227187,0.17563824986026255,29.935897827148438,4489,269,0.059924259300512366,768.2332153320312,0.5344,False,recorte fixo (EMENDA E6); ADM2 apenas como sensibilidade,observado,A,"Chen, Z., Yu, B. et al. (2021) ESSD 13:889-906, DOI 10.5194/essd-13-889-2021; dataset Harvard Dataverse 10.7910/DVN/YGIVCD (CC0). ATENCAO: prefixo de arquivo 'viirs_like_li2020_' e heranca de erro; NAO e Li et al. 2020."
quelimane,Quelimane,MZ0401,controle,2011,570.3240731854457,0.12704924775795182,20.86686134338379,4489,239,0.05324125640454444,534.470458984375,0.5344,False,recorte fixo (EMENDA E6); ADM2 apenas como sensibilidade,observado,A,"Chen, Z., Yu, B. et al. (2021) ESSD 13:889-906, DOI 10.5194/essd-13-889-2021; dataset Harvard Dataverse 10.7910/DVN/YGIVCD (CC0). ATENCAO: prefixo de arquivo 'viirs_like_li2020_' e heranca de erro; NAO e Li et al. 2020."
quelimane,Quelimane,MZ0401,controle,2012,1042.221647169441,0.23217234287579439,30.74289894104004,4489,154,0.034306081532635334,995.4631958007812,0.5344,False,recorte fixo (EMENDA E6); ADM2 apenas como sensibilidade,observado,A,"Chen, Z., Yu, B. et al. (2021) ESSD 13:889-906, DOI 10.5194/essd-13-889-2021; dataset Harvard Dataverse 10.7910/DVN/YGIVCD (CC0). ATENCAO: prefixo de arquivo 'viirs_like_li2020_' e heranca de erro; NAO e Li et al. 2020."
quelimane,Quelimane,MZ0401,controle,2013,1030.002566933632,0.22945033792239516,42.492591857910156,4489,130,0.028959679215860994,1008.3453369140625,0.5344,True,recorte fixo (EMENDA E6); ADM2 apenas como sensibilidade,observado,A,"Chen, Z., Yu, B. et al. (2021) ESSD 13:889-906, DOI 10.5194/essd-13-889-2021; dataset Harvard Dataverse 10.7910/DVN/YGIVCD (CC0). ATENCAO: prefixo de arquivo 'viirs_like_li2020_' e heranca de erro; NAO e Li et al. 2020."
quelimane,Quelimane,MZ0401,controle,2014,1007.0423686504364,0.22433556886844205,36.823394775390625,4489,152,0.033860548006237466,984.42236328125,0.5344,True,recorte fixo (EMENDA E6); ADM2 apenas como sensibilidade,observado,A,"Chen, Z., Yu, B. et al. (2021) ESSD 13:889-906, DOI 10.5194/essd-13-889-2021; dataset Harvard Dataverse 10.7910/DVN/YGIVCD (CC0). ATENCAO: prefixo de arquivo 'viirs_like_li2020_' e heranca de erro; NAO e Li et al. 2020."
quelimane,Quelimane,MZ0401,controle,2015,1051.4122120141983,0.23421969525823086,35.2579345703125,4489,154,0.034306081532635334,1044.779296875,0.5344,True,recorte fixo (EMENDA E6); ADM2 apenas como sensibilidade,observado,A,"Chen, Z., Yu, B. et al. (2021) ESSD 13:889-906, DOI 10.5194/essd-13-889-2021; dataset Harvard Dataverse 10.7910/DVN/YGIVCD (CC0). ATENCAO: prefixo de arquivo 'viirs_like_li2020_' e heranca de erro; NAO e Li et al. 2020."
quelimane,Quelimane,MZ0401,controle,2016,1048.0840213298798,0.23347828499217638,34.550086975097656,4489,158,0.035197148585431055,1039.5018310546875,0.5344,True,recorte fixo (EMENDA E6); ADM2 apenas como sensibilidade,observado,A,"Chen, Z., Yu, B. et al. (2021) ESSD 13:889-906, DOI 10.5194/essd-13-889-2021; dataset Harvard Dataverse 10.7910/DVN/YGIVCD (CC0). ATENCAO: prefixo de arquivo 'viirs_like_li2020_' e heranca de erro; NAO e Li et al. 2020."
quelimane,Quelimane,MZ0401,controle,2017,1087.0274554491043,0.24215358775876683,35.85101318359375,4489,186,0.04143461795500111,1050.04052734375,0.5344,True,recorte fixo (EMENDA E6); ADM2 apenas como sensibilidade,observado,A,"Chen, Z., Yu, B. et al. (2021) ESSD 13:889-906, DOI 10.5194/essd-13-889-2021; dataset Harvard Dataverse 10.7910/DVN/YGIVCD (CC0). ATENCAO: prefixo de arquivo 'viirs_like_li2020_' e heranca de erro; NAO e Li et al. 2020."
quelimane,Quelimane,MZ0401,controle,2018,1116.8099982738495,0.24878814842366886,37.25,4489,182,0.04054355090220539,1082.6400146484375,0.5344,True,recorte fixo (EMENDA E6); ADM2 apenas como sensibilidade,observado,A,"Chen, Z., Yu, B. et al. (2021) ESSD 13:889-906, DOI 10.5194/essd-13-889-2021; dataset Harvard Dataverse 10.7910/DVN/YGIVCD (CC0). ATENCAO: prefixo de arquivo 'viirs_like_li2020_' e heranca de erro; NAO e Li et al. 2020."
quelimane,Quelimane,MZ0401,controle,2019,1046.464996099472,0.23311761998206104,33.81999969482422,4489,176,0.03920695032301181,1016.5249633789062,0.5344,True,recorte fixo (EMENDA E6); ADM2 apenas como sensibilidade,observado,A,"Chen, Z., Yu, B. et al. (2021) ESSD 13:889-906, DOI 10.5194/essd-13-889-2021; dataset Harvard Dataverse 10.7910/DVN/YGIVCD (CC0). ATENCAO: prefixo de arquivo 'viirs_like_li2020_' e heranca de erro; NAO e Li et al. 2020."
quelimane,Quelimane,MZ0401,controle,2020,1022.9650033712387,0.2278826026667941,31.875,4489,194,0.04321675206059256,1008.6600952148438,0.5344,True,recorte fixo (EMENDA E6); ADM2 apenas como sensibilidade,observado,A,"Chen, Z., Yu, B. et al. (2021) ESSD 13:889-906, DOI 10.5194/essd-13-889-2021; dataset Harvard Dataverse 10.7910/DVN/YGIVCD (CC0). ATENCAO: prefixo de arquivo 'viirs_like_li2020_' e heranca de erro; NAO e Li et al. 2020."
quelimane,Quelimane,MZ0401,controle,2021,1072.210004210472,0.23885275210747875,32.375,4489,214,0.04767208732457118,1039.030029296875,0.5344,True,recorte fixo (EMENDA E6); ADM2 apenas como sensibilidade,observado,A,"Chen, Z., Yu, B. et al. (2021) ESSD 13:889-906, DOI 10.5194/essd-13-889-2021; dataset Harvard Dataverse 10.7910/DVN/YGIVCD (CC0). ATENCAO: prefixo de arquivo 'viirs_like_li2020_' e heranca de erro; NAO e Li et al. 2020."
quelimane,Quelimane,MZ0401,controle,2022,1106.8800013065338,0.24657607514068475,31.400001525878906,4489,223,0.04967698819336155,1087.510009765625,0.5344,True,recorte fixo (EMENDA E6); ADM2 apenas como sensibilidade,observado,A,"Chen, Z., Yu, B. et al. (2021) ESSD 13:889-906, DOI 10.5194/essd-13-889-2021; dataset Harvard Dataverse 10.7910/DVN/YGIVCD (CC0). ATENCAO: prefixo de arquivo 'viirs_like_li2020_' e heranca de erro; NAO e Li et al. 2020."
quelimane,Quelimane,MZ0401,controle,2023,1223.1000019311905,0.27246602849881724,33.63500213623047,4489,241,0.0536867899309423,1120.4649658203125,0.5344,True,recorte fixo (EMENDA E6); ADM2 apenas como sensibilidade,observado,A,"Chen, Z., Yu, B. et al. (2021) ESSD 13:889-906, DOI 10.5194/essd-13-889-2021; dataset Harvard Dataverse 10.7910/DVN/YGIVCD (CC0). ATENCAO: prefixo de arquivo 'viirs_like_li2020_' e heranca de erro; NAO e Li et al. 2020."
quelimane,Quelimane,MZ0401,controle,2024,1473.1900043487549,0.3281777688457908,36.38500213623047,4489,275,0.06126085987970595,1359.14013671875,0.5344,True,recorte fixo (EMENDA E6); ADM2 apenas como sensibilidade,observado,A,"Chen, Z., Yu, B. et al. (2021) ESSD 13:889-906, DOI 10.5194/essd-13-889-2021; dataset Harvard Dataverse 10.7910/DVN/YGIVCD (CC0). ATENCAO: prefixo de arquivo 'viirs_like_li2020_' e heranca de erro; NAO e Li et al. 2020."
quelimane,Quelimane,MZ0401,controle,2025,1607.0050082206726,0.3579873041257903,34.99500274658203,4489,289,0.06437959456449098,1499.03515625,0.5344,True,recorte fixo (EMENDA E6); ADM2 apenas como sensibilidade,observado,A,"Chen, Z., Yu, B. et al. (2021) ESSD 13:889-906, DOI 10.5194/essd-13-889-2021; dataset Harvard Dataverse 10.7910/DVN/YGIVCD (CC0). ATENCAO: prefixo de arquivo 'viirs_like_li2020_' e heranca de erro; NAO e Li et al. 2020."
lichinga,Cidade de Lichinga,MZ0101,controle,2000,54.19913052767515,0.012073764875846547,5.751729488372803,4489,33,0.007351303185564714,54.19913101196289,0.1818,False,recorte fixo (EMENDA E6); ADM2 apenas como sensibilidade,observado,A,"Chen, Z., Yu, B. et al. (2021) ESSD 13:889-906, DOI 10.5194/essd-13-889-2021; dataset Harvard Dataverse 10.7910/DVN/YGIVCD (CC0). ATENCAO: prefixo de arquivo 'viirs_like_li2020_' e heranca de erro; NAO e Li et al. 2020."
lichinga,Cidade de Lichinga,MZ0101,controle,2005,159.74810132518178,0.03558656745938556,9.330690383911133,4489,97,0.02160837603029628,159.74810791015625,0.1818,False,recorte fixo (EMENDA E6); ADM2 apenas como sensibilidade,observado,A,"Chen, Z., Yu, B. et al. (2021) ESSD 13:889-906, DOI 10.5194/essd-13-889-2021; dataset Harvard Dataverse 10.7910/DVN/YGIVCD (CC0). ATENCAO: prefixo de arquivo 'viirs_like_li2020_' e heranca de erro; NAO e Li et al. 2020."
lichinga,Cidade de Lichinga,MZ0101,controle,2008,176.48104262349443,0.039314110631208384,7.104613780975342,4489,118,0.026286478057473826,176.48104858398438,0.1818,False,recorte fixo (EMENDA E6); ADM2 apenas como sensibilidade,observado,A,"Chen, Z., Yu, B. et al. (2021) ESSD 13:889-906, DOI 10.5194/essd-13-889-2021; dataset Harvard Dataverse 10.7910/DVN/YGIVCD (CC0). ATENCAO: prefixo de arquivo 'viirs_like_li2020_' e heranca de erro; NAO e Li et al. 2020."
lichinga,Cidade de Lichinga,MZ0101,controle,2010,296.0524650189909,0.06595064936934526,13.312335968017578,4489,146,0.032523947427043884,296.05242919921875,0.1818,False,recorte fixo (EMENDA E6); ADM2 apenas como sensibilidade,observado,A,"Chen, Z., Yu, B. et al. (2021) ESSD 13:889-906, DOI 10.5194/essd-13-889-2021; dataset Harvard Dataverse 10.7910/DVN/YGIVCD (CC0). ATENCAO: prefixo de arquivo 'viirs_like_li2020_' e heranca de erro; NAO e Li et al. 2020."
lichinga,Cidade de Lichinga,MZ0101,controle,2011,932.843002203037,0.20780641617354356,20.96077537536621,4489,204,0.04544441969258187,932.843017578125,0.1818,False,recorte fixo (EMENDA E6); ADM2 apenas como sensibilidade,observado,A,"Chen, Z., Yu, B. et al. (2021) ESSD 13:889-906, DOI 10.5194/essd-13-889-2021; dataset Harvard Dataverse 10.7910/DVN/YGIVCD (CC0). ATENCAO: prefixo de arquivo 'viirs_like_li2020_' e heranca de erro; NAO e Li et al. 2020."
lichinga,Cidade de Lichinga,MZ0101,controle,2012,711.1024761814624,0.1584099969216891,25.600671768188477,4489,143,0.031855647137447096,711.1024780273438,0.1818,False,recorte fixo (EMENDA E6); ADM2 apenas como sensibilidade,observado,A,"Chen, Z., Yu, B. et al. (2021) ESSD 13:889-906, DOI 10.5194/essd-13-889-2021; dataset Harvard Dataverse 10.7910/DVN/YGIVCD (CC0). ATENCAO: prefixo de arquivo 'viirs_like_li2020_' e heranca de erro; NAO e Li et al. 2020."
lichinga,Cidade de Lichinga,MZ0101,controle,2013,561.3844901323318,0.12505780577686162,23.875328063964844,4489,143,0.031855647137447096,561.3844604492188,0.1818,True,recorte fixo (EMENDA E6); ADM2 apenas como sensibilidade,observado,A,"Chen, Z., Yu, B. et al. (2021) ESSD 13:889-906, DOI 10.5194/essd-13-889-2021; dataset Harvard Dataverse 10.7910/DVN/YGIVCD (CC0). ATENCAO: prefixo de arquivo 'viirs_like_li2020_' e heranca de erro; NAO e Li et al. 2020."
lichinga,Cidade de Lichinga,MZ0101,controle,2014,594.7719970941544,0.1324954326340286,21.06075096130371,4489,160,0.035642682111828916,594.77197265625,0.1818,True,recorte fixo (EMENDA E6); ADM2 apenas como sensibilidade,observado,A,"Chen, Z., Yu, B. et al. (2021) ESSD 13:889-906, DOI 10.5194/essd-13-889-2021; dataset Harvard Dataverse 10.7910/DVN/YGIVCD (CC0). ATENCAO: prefixo de arquivo 'viirs_like_li2020_' e heranca de erro; NAO e Li et al. 2020."
lichinga,Cidade de Lichinga,MZ0101,controle,2015,638.2658131122589,0.14218440924755155,20.612003326416016,4489,175,0.038984183559812875,638.2658081054688,0.1818,True,recorte fixo (EMENDA E6); ADM2 apenas como sensibilidade,observado,A,"Chen, Z., Yu, B. et al. (2021) ESSD 13:889-906, DOI 10.5194/essd-13-889-2021; dataset Harvard Dataverse 10.7910/DVN/YGIVCD (CC0). ATENCAO: prefixo de arquivo 'viirs_like_li2020_' e heranca de erro; NAO e Li et al. 2020."
lichinga,Cidade de Lichinga,MZ0101,controle,2016,590.3897891044617,0.13151922234450025,19.44775390625,4489,164,0.03653374916462464,590.3897705078125,0.1818,True,recorte fixo (EMENDA E6); ADM2 apenas como sensibilidade,observado,A,"Chen, Z., Yu, B. et al. (2021) ESSD 13:889-906, DOI 10.5194/essd-13-889-2021; dataset Harvard Dataverse 10.7910/DVN/YGIVCD (CC0). ATENCAO: prefixo de arquivo 'viirs_like_li2020_' e heranca de erro; NAO e Li et al. 2020."
lichinga,Cidade de Lichinga,MZ0101,controle,2017,651.2301672697067,0.1450724364601708,21.649154663085938,4489,182,0.04054355090220539,651.2301635742188,0.1818,True,recorte fixo (EMENDA E6); ADM2 apenas como sensibilidade,observado,A,"Chen, Z., Yu, B. et al. (2021) ESSD 13:889-906, DOI 10.5194/essd-13-889-2021; dataset Harvard Dataverse 10.7910/DVN/YGIVCD (CC0). ATENCAO: prefixo de arquivo 'viirs_like_li2020_' e heranca de erro; NAO e Li et al. 2020."
lichinga,Cidade de Lichinga,MZ0101,controle,2018,540.100000500679,0.12031632891527713,17.290000915527344,4489,169,0.03764758298061929,540.0999755859375,0.1818,True,recorte fixo (EMENDA E6); ADM2 apenas como sensibilidade,observado,A,"Chen, Z., Yu, B. et al. (2021) ESSD 13:889-906, DOI 10.5194/essd-13-889-2021; dataset Harvard Dataverse 10.7910/DVN/YGIVCD (CC0). ATENCAO: prefixo de arquivo 'viirs_like_li2020_' e heranca de erro; NAO e Li et al. 2020."
lichinga,Cidade de Lichinga,MZ0101,controle,2019,501.3399987220764,0.11168188877747302,20.34000015258789,4489,158,0.035197148585431055,501.3399658203125,0.1818,True,recorte fixo (EMENDA E6); ADM2 apenas como sensibilidade,observado,A,"Chen, Z., Yu, B. et al. (2021) ESSD 13:889-906, DOI 10.5194/essd-13-889-2021; dataset Harvard Dataverse 10.7910/DVN/YGIVCD (CC0). ATENCAO: prefixo de arquivo 'viirs_like_li2020_' e heranca de erro; NAO e Li et al. 2020."
lichinga,Cidade de Lichinga,MZ0101,controle,2020,557.2650005817413,0.12414012042364476,20.479999542236328,4489,187,0.04165738471820005,557.2650146484375,0.1818,True,recorte fixo (EMENDA E6); ADM2 apenas como sensibilidade,observado,A,"Chen, Z., Yu, B. et al. (2021) ESSD 13:889-906, DOI 10.5194/essd-13-889-2021; dataset Harvard Dataverse 10.7910/DVN/YGIVCD (CC0). ATENCAO: prefixo de arquivo 'viirs_like_li2020_' e heranca de erro; NAO e Li et al. 2020."
lichinga,Cidade de Lichinga,MZ0101,controle,2021,574.6800006628036,0.12801960362281212,21.084999084472656,4489,201,0.04477611940298507,572.52001953125,0.1818,True,recorte fixo (EMENDA E6); ADM2 apenas como sensibilidade,observado,A,"Chen, Z., Yu, B. et al. (2021) ESSD 13:889-906, DOI 10.5194/essd-13-889-2021; dataset Harvard Dataverse 10.7910/DVN/YGIVCD (CC0). ATENCAO: prefixo de arquivo 'viirs_like_li2020_' e heranca de erro; NAO e Li et al. 2020."
lichinga,Cidade de Lichinga,MZ0101,controle,2022,652.6950006484985,0.14539875265059002,16.75,4489,236,0.05257295611494765,649.6099853515625,0.1818,True,recorte fixo (EMENDA E6); ADM2 apenas como sensibilidade,observado,A,"Chen, Z., Yu, B. et al. (2021) ESSD 13:889-906, DOI 10.5194/essd-13-889-2021; dataset Harvard Dataverse 10.7910/DVN/YGIVCD (CC0). ATENCAO: prefixo de arquivo 'viirs_like_li2020_' e heranca de erro; NAO e Li et al. 2020."
lichinga,Cidade de Lichinga,MZ0101,controle,2023,756.859999537468,0.16860325229170595,19.434999465942383,4489,246,0.054800623746936956,753.8349609375,0.1818,True,recorte fixo (EMENDA E6); ADM2 apenas como sensibilidade,observado,A,"Chen, Z., Yu, B. et al. (2021) ESSD 13:889-906, DOI 10.5194/essd-13-889-2021; dataset Harvard Dataverse 10.7910/DVN/YGIVCD (CC0). ATENCAO: prefixo de arquivo 'viirs_like_li2020_' e heranca de erro; NAO e Li et al. 2020."
lichinga,Cidade de Lichinga,MZ0101,controle,2024,903.4349998235703,0.20125529067132328,19.635000228881836,4489,279,0.06215192693250167,898.1500244140625,0.1818,True,recorte fixo (EMENDA E6); ADM2 apenas como sensibilidade,observado,A,"Chen, Z., Yu, B. et al. (2021) ESSD 13:889-906, DOI 10.5194/essd-13-889-2021; dataset Harvard Dataverse 10.7910/DVN/YGIVCD (CC0). ATENCAO: prefixo de arquivo 'viirs_like_li2020_' e heranca de erro; NAO e Li et al. 2020."
lichinga,Cidade de Lichinga,MZ0101,controle,2025,1052.005005121231,0.23435174985993118,22.0,4489,308,0.06861216306527067,1048.6600341796875,0.1818,True,recorte fixo (EMENDA E6); ADM2 apenas como sensibilidade,observado,A,"Chen, Z., Yu, B. et al. (2021) ESSD 13:889-906, DOI 10.5194/essd-13-889-2021; dataset Harvard Dataverse 10.7910/DVN/YGIVCD (CC0). ATENCAO: prefixo de arquivo 'viirs_like_li2020_' e heranca de erro; NAO e Li et al. 2020."
xaixai,Xai-Xai,MZ0901,controle,2000,174.30967968702316,0.038830403138120556,7.359602451324463,4489,85,0.01893517487190911,168.50582885742188,0.9896,False,recorte fixo (EMENDA E6); ADM2 apenas como sensibilidade,observado,A,"Chen, Z., Yu, B. et al. (2021) ESSD 13:889-906, DOI 10.5194/essd-13-889-2021; dataset Harvard Dataverse 10.7910/DVN/YGIVCD (CC0). ATENCAO: prefixo de arquivo 'viirs_like_li2020_' e heranca de erro; NAO e Li et al. 2020."
xaixai,Xai-Xai,MZ0901,controle,2005,313.39223696451336,0.06981337424025694,8.904549598693848,4489,278,0.06192916016930274,284.3675231933594,0.9896,False,recorte fixo (EMENDA E6); ADM2 apenas como sensibilidade,observado,A,"Chen, Z., Yu, B. et al. (2021) ESSD 13:889-906, DOI 10.5194/essd-13-889-2021; dataset Harvard Dataverse 10.7910/DVN/YGIVCD (CC0). ATENCAO: prefixo de arquivo 'viirs_like_li2020_' e heranca de erro; NAO e Li et al. 2020."
xaixai,Xai-Xai,MZ0901,controle,2008,664.2595235258741,0.14797494397992295,10.368520736694336,4489,570,0.12697705502339052,535.1439819335938,0.9896,False,recorte fixo (EMENDA E6); ADM2 apenas como sensibilidade,observado,A,"Chen, Z., Yu, B. et al. (2021) ESSD 13:889-906, DOI 10.5194/essd-13-889-2021; dataset Harvard Dataverse 10.7910/DVN/YGIVCD (CC0). ATENCAO: prefixo de arquivo 'viirs_like_li2020_' e heranca de erro; NAO e Li et al. 2020."
xaixai,Xai-Xai,MZ0901,controle,2010,754.2809362206426,0.16802872270453165,15.429491996765137,4489,549,0.12229895299621296,633.4017333984375,0.9896,False,recorte fixo (EMENDA E6); ADM2 apenas como sensibilidade,observado,A,"Chen, Z., Yu, B. et al. (2021) ESSD 13:889-906, DOI 10.5194/essd-13-889-2021; dataset Harvard Dataverse 10.7910/DVN/YGIVCD (CC0). ATENCAO: prefixo de arquivo 'viirs_like_li2020_' e heranca de erro; NAO e Li et al. 2020."
xaixai,Xai-Xai,MZ0901,controle,2011,1528.006227829952,0.34038900152148627,21.424177169799805,4489,858,0.19113388282468255,1044.26318359375,0.9896,False,recorte fixo (EMENDA E6); ADM2 apenas como sensibilidade,observado,A,"Chen, Z., Yu, B. et al. (2021) ESSD 13:889-906, DOI 10.5194/essd-13-889-2021; dataset Harvard Dataverse 10.7910/DVN/YGIVCD (CC0). ATENCAO: prefixo de arquivo 'viirs_like_li2020_' e heranca de erro; NAO e Li et al. 2020."
xaixai,Xai-Xai,MZ0901,controle,2012,1373.4288803122472,0.3059543061510909,18.58955955505371,4489,492,0.10960124749387391,1045.7130126953125,0.9896,False,recorte fixo (EMENDA E6); ADM2 apenas como sensibilidade,observado,A,"Chen, Z., Yu, B. et al. (2021) ESSD 13:889-906, DOI 10.5194/essd-13-889-2021; dataset Harvard Dataverse 10.7910/DVN/YGIVCD (CC0). ATENCAO: prefixo de arquivo 'viirs_like_li2020_' e heranca de erro; NAO e Li et al. 2020."
xaixai,Xai-Xai,MZ0901,controle,2013,1224.2677223682404,0.27272615780090004,19.285606384277344,4489,351,0.07819113388282468,910.7726440429688,0.9896,True,recorte fixo (EMENDA E6); ADM2 apenas como sensibilidade,observado,A,"Chen, Z., Yu, B. et al. (2021) ESSD 13:889-906, DOI 10.5194/essd-13-889-2021; dataset Harvard Dataverse 10.7910/DVN/YGIVCD (CC0). ATENCAO: prefixo de arquivo 'viirs_like_li2020_' e heranca de erro; NAO e Li et al. 2020."
xaixai,Xai-Xai,MZ0901,controle,2014,1235.7271308898926,0.2752789331454428,19.951393127441406,4489,352,0.07841390064602362,928.1561889648438,0.9896,True,recorte fixo (EMENDA E6); ADM2 apenas como sensibilidade,observado,A,"Chen, Z., Yu, B. et al. (2021) ESSD 13:889-906, DOI 10.5194/essd-13-889-2021; dataset Harvard Dataverse 10.7910/DVN/YGIVCD (CC0). ATENCAO: prefixo de arquivo 'viirs_like_li2020_' e heranca de erro; NAO e Li et al. 2020."
xaixai,Xai-Xai,MZ0901,controle,2015,1270.5106202363968,0.283027538479928,21.472976684570312,4489,371,0.08264646914680329,963.0819702148438,0.9896,True,recorte fixo (EMENDA E6); ADM2 apenas como sensibilidade,observado,A,"Chen, Z., Yu, B. et al. (2021) ESSD 13:889-906, DOI 10.5194/essd-13-889-2021; dataset Harvard Dataverse 10.7910/DVN/YGIVCD (CC0). ATENCAO: prefixo de arquivo 'viirs_like_li2020_' e heranca de erro; NAO e Li et al. 2020."
xaixai,Xai-Xai,MZ0901,controle,2016,1074.4530775547028,0.23935243429599082,17.124652862548828,4489,348,0.0775228335932279,834.7354125976562,0.9896,True,recorte fixo (EMENDA E6); ADM2 apenas como sensibilidade,observado,A,"Chen, Z., Yu, B. et al. (2021) ESSD 13:889-906, DOI 10.5194/essd-13-889-2021; dataset Harvard Dataverse 10.7910/DVN/YGIVCD (CC0). ATENCAO: prefixo de arquivo 'viirs_like_li2020_' e heranca de erro; NAO e Li et al. 2020."
xaixai,Xai-Xai,MZ0901,controle,2017,1115.6691205501556,0.2485339987859558,17.086429595947266,4489,383,0.08531967030519047,838.0274658203125,0.9896,True,recorte fixo (EMENDA E6); ADM2 apenas como sensibilidade,observado,A,"Chen, Z., Yu, B. et al. (2021) ESSD 13:889-906, DOI 10.5194/essd-13-889-2021; dataset Harvard Dataverse 10.7910/DVN/YGIVCD (CC0). ATENCAO: prefixo de arquivo 'viirs_like_li2020_' e heranca de erro; NAO e Li et al. 2020."
xaixai,Xai-Xai,MZ0901,controle,2018,1093.0499975681305,0.2434952099728515,14.449999809265137,4489,395,0.08799287146357763,816.469970703125,0.9896,True,recorte fixo (EMENDA E6); ADM2 apenas como sensibilidade,observado,A,"Chen, Z., Yu, B. et al. (2021) ESSD 13:889-906, DOI 10.5194/essd-13-889-2021; dataset Harvard Dataverse 10.7910/DVN/YGIVCD (CC0). ATENCAO: prefixo de arquivo 'viirs_like_li2020_' e heranca de erro; NAO e Li et al. 2020."
xaixai,Xai-Xai,MZ0901,controle,2019,1045.634998202324,0.23293272403705145,13.425000190734863,4489,399,0.08888393851637336,763.2999877929688,0.9896,True,recorte fixo (EMENDA E6); ADM2 apenas como sensibilidade,observado,A,"Chen, Z., Yu, B. et al. (2021) ESSD 13:889-906, DOI 10.5194/essd-13-889-2021; dataset Harvard Dataverse 10.7910/DVN/YGIVCD (CC0). ATENCAO: prefixo de arquivo 'viirs_like_li2020_' e heranca de erro; NAO e Li et al. 2020."
xaixai,Xai-Xai,MZ0901,controle,2020,1046.2349996566772,0.2330663844189524,13.989999771118164,4489,407,0.0906660726219648,780.3299560546875,0.9896,True,recorte fixo (EMENDA E6); ADM2 apenas como sensibilidade,observado,A,"Chen, Z., Yu, B. et al. (2021) ESSD 13:889-906, DOI 10.5194/essd-13-889-2021; dataset Harvard Dataverse 10.7910/DVN/YGIVCD (CC0). ATENCAO: prefixo de arquivo 'viirs_like_li2020_' e heranca de erro; NAO e Li et al. 2020."
xaixai,Xai-Xai,MZ0901,controle,2021,1197.6600009202957,0.26679884181784264,14.704999923706055,4489,456,0.1015816440187124,864.510009765625,0.9896,True,recorte fixo (EMENDA E6); ADM2 apenas como sensibilidade,observado,A,"Chen, Z., Yu, B. et al. (2021) ESSD 13:889-906, DOI 10.5194/essd-13-889-2021; dataset Harvard Dataverse 10.7910/DVN/YGIVCD (CC0). ATENCAO: prefixo de arquivo 'viirs_like_li2020_' e heranca de erro; NAO e Li et al. 2020."
xaixai,Xai-Xai,MZ0901,controle,2022,1360.354999780655,0.3030418801026186,14.190000534057617,4489,505,0.11249721541546001,933.635009765625,0.9896,True,recorte fixo (EMENDA E6); ADM2 apenas como sensibilidade,observado,A,"Chen, Z., Yu, B. et al. (2021) ESSD 13:889-906, DOI 10.5194/essd-13-889-2021; dataset Harvard Dataverse 10.7910/DVN/YGIVCD (CC0). ATENCAO: prefixo de arquivo 'viirs_like_li2020_' e heranca de erro; NAO e Li et al. 2020."
xaixai,Xai-Xai,MZ0901,controle,2023,1491.9750022888184,0.3323624420335973,15.059999465942383,4489,536,0.11940298507462686,1001.6450805664062,0.9896,True,recorte fixo (EMENDA E6); ADM2 apenas como sensibilidade,observado,A,"Chen, Z., Yu, B. et al. (2021) ESSD 13:889-906, DOI 10.5194/essd-13-889-2021; dataset Harvard Dataverse 10.7910/DVN/YGIVCD (CC0). ATENCAO: prefixo de arquivo 'viirs_like_li2020_' e heranca de erro; NAO e Li et al. 2020."
xaixai,Xai-Xai,MZ0901,controle,2024,1629.7350018024445,0.36305079122353406,13.244999885559082,4489,579,0.1289819558921809,1030.6600341796875,0.9896,True,recorte fixo (EMENDA E6); ADM2 apenas como sensibilidade,observado,A,"Chen, Z., Yu, B. et al. (2021) ESSD 13:889-906, DOI 10.5194/essd-13-889-2021; dataset Harvard Dataverse 10.7910/DVN/YGIVCD (CC0). ATENCAO: prefixo de arquivo 'viirs_like_li2020_' e heranca de erro; NAO e Li et al. 2020."
xaixai,Xai-Xai,MZ0901,controle,2025,1863.720008969307,0.4151748739071746,18.30500030517578,4489,620,0.13811539318333704,1165.5350341796875,0.9896,True,recorte fixo (EMENDA E6); ADM2 apenas como sensibilidade,observado,A,"Chen, Z., Yu, B. et al. (2021) ESSD 13:889-906, DOI 10.5194/essd-13-889-2021; dataset Harvard Dataverse 10.7910/DVN/YGIVCD (CC0). ATENCAO: prefixo de arquivo 'viirs_like_li2020_' e heranca de erro; NAO e Li et al. 2020."
inhambane,Cidade de Inhambane,MZ0801,controle,2000,58.70410417020321,0.01307732327248902,4.069303035736084,4489,53,0.011806638449543327,23.8868350982666,0.9484,False,recorte fixo (EMENDA E6); ADM2 apenas como sensibilidade,observado,A,"Chen, Z., Yu, B. et al. (2021) ESSD 13:889-906, DOI 10.5194/essd-13-889-2021; dataset Harvard Dataverse 10.7910/DVN/YGIVCD (CC0). ATENCAO: prefixo de arquivo 'viirs_like_li2020_' e heranca de erro; NAO e Li et al. 2020."
inhambane,Cidade de Inhambane,MZ0801,controle,2005,181.23129599010645,0.040372309198063366,6.251317977905273,4489,232,0.051681889062151924,102.80717468261719,0.9484,False,recorte fixo (EMENDA E6); ADM2 apenas como sensibilidade,observado,A,"Chen, Z., Yu, B. et al. (2021) ESSD 13:889-906, DOI 10.5194/essd-13-889-2021; dataset Harvard Dataverse 10.7910/DVN/YGIVCD (CC0). ATENCAO: prefixo de arquivo 'viirs_like_li2020_' e heranca de erro; NAO e Li et al. 2020."
inhambane,Cidade de Inhambane,MZ0801,controle,2008,186.2114705470667,0.041481726564283075,8.072050094604492,4489,233,0.05190465582535086,142.53224182128906,0.9484,False,recorte fixo (EMENDA E6); ADM2 apenas como sensibilidade,observado,A,"Chen, Z., Yu, B. et al. (2021) ESSD 13:889-906, DOI 10.5194/essd-13-889-2021; dataset Harvard Dataverse 10.7910/DVN/YGIVCD (CC0). ATENCAO: prefixo de arquivo 'viirs_like_li2020_' e heranca de erro; NAO e Li et al. 2020."
inhambane,Cidade de Inhambane,MZ0801,controle,2010,451.08297888146626,0.10048629513955586,9.777345657348633,4489,418,0.09311650701715304,226.42257690429688,0.9484,False,recorte fixo (EMENDA E6); ADM2 apenas como sensibilidade,observado,A,"Chen, Z., Yu, B. et al. (2021) ESSD 13:889-906, DOI 10.5194/essd-13-889-2021; dataset Harvard Dataverse 10.7910/DVN/YGIVCD (CC0). ATENCAO: prefixo de arquivo 'viirs_like_li2020_' e heranca de erro; NAO e Li et al. 2020."
inhambane,Cidade de Inhambane,MZ0801,controle,2011,1612.6122422459648,0.35923640950010355,15.046985626220703,4489,1291,0.28759189128981955,990.969482421875,0.9484,False,recorte fixo (EMENDA E6); ADM2 apenas como sensibilidade,observado,A,"Chen, Z., Yu, B. et al. (2021) ESSD 13:889-906, DOI 10.5194/essd-13-889-2021; dataset Harvard Dataverse 10.7910/DVN/YGIVCD (CC0). ATENCAO: prefixo de arquivo 'viirs_like_li2020_' e heranca de erro; NAO e Li et al. 2020."
inhambane,Cidade de Inhambane,MZ0801,controle,2012,1741.1696773469448,0.38787473320270544,20.885391235351562,4489,647,0.14413009578970817,1026.967041015625,0.9484,False,recorte fixo (EMENDA E6); ADM2 apenas como sensibilidade,observado,A,"Chen, Z., Yu, B. et al. (2021) ESSD 13:889-906, DOI 10.5194/essd-13-889-2021; dataset Harvard Dataverse 10.7910/DVN/YGIVCD (CC0). ATENCAO: prefixo de arquivo 'viirs_like_li2020_' e heranca de erro; NAO e Li et al. 2020."
inhambane,Cidade de Inhambane,MZ0801,controle,2013,624.1453289985657,0.1390388347067422,27.546266555786133,4489,181,0.04032078413900646,301.4738464355469,0.9484,True,recorte fixo (EMENDA E6); ADM2 apenas como sensibilidade,observado,A,"Chen, Z., Yu, B. et al. (2021) ESSD 13:889-906, DOI 10.5194/essd-13-889-2021; dataset Harvard Dataverse 10.7910/DVN/YGIVCD (CC0). ATENCAO: prefixo de arquivo 'viirs_like_li2020_' e heranca de erro; NAO e Li et al. 2020."
inhambane,Cidade de Inhambane,MZ0801,controle,2014,695.0694018602371,0.15483836085102184,25.66376495361328,4489,193,0.04299398529739363,344.45404052734375,0.9484,True,recorte fixo (EMENDA E6); ADM2 apenas como sensibilidade,observado,A,"Chen, Z., Yu, B. et al. (2021) ESSD 13:889-906, DOI 10.5194/essd-13-889-2021; dataset Harvard Dataverse 10.7910/DVN/YGIVCD (CC0). ATENCAO: prefixo de arquivo 'viirs_like_li2020_' e heranca de erro; NAO e Li et al. 2020."
inhambane,Cidade de Inhambane,MZ0801,controle,2015,727.0961427688599,0.16197285425904653,24.952381134033203,4489,206,0.04588995321897973,335.496826171875,0.9484,True,recorte fixo (EMENDA E6); ADM2 apenas como sensibilidade,observado,A,"Chen, Z., Yu, B. et al. (2021) ESSD 13:889-906, DOI 10.5194/essd-13-889-2021; dataset Harvard Dataverse 10.7910/DVN/YGIVCD (CC0). ATENCAO: prefixo de arquivo 'viirs_like_li2020_' e heranca de erro; NAO e Li et al. 2020."
inhambane,Cidade de Inhambane,MZ0801,controle,2016,744.0944621562958,0.16575951484880724,24.376514434814453,4489,206,0.04588995321897973,364.24737548828125,0.9484,True,recorte fixo (EMENDA E6); ADM2 apenas como sensibilidade,observado,A,"Chen, Z., Yu, B. et al. (2021) ESSD 13:889-906, DOI 10.5194/essd-13-889-2021; dataset Harvard Dataverse 10.7910/DVN/YGIVCD (CC0). ATENCAO: prefixo de arquivo 'viirs_like_li2020_' e heranca de erro; NAO e Li et al. 2020."
inhambane,Cidade de Inhambane,MZ0801,controle,2017,798.65485060215,0.17791375598176654,22.222349166870117,4489,247,0.05502339051013589,373.92291259765625,0.9484,True,recorte fixo (EMENDA E6); ADM2 apenas como sensibilidade,observado,A,"Chen, Z., Yu, B. et al. (2021) ESSD 13:889-906, DOI 10.5194/essd-13-889-2021; dataset Harvard Dataverse 10.7910/DVN/YGIVCD (CC0). ATENCAO: prefixo de arquivo 'viirs_like_li2020_' e heranca de erro; NAO e Li et al. 2020."
inhambane,Cidade de Inhambane,MZ0801,controle,2018,789.190000295639,0.1758053019148227,17.530000686645508,4489,251,0.05591445756293161,344.2900085449219,0.9484,True,recorte fixo (EMENDA E6); ADM2 apenas como sensibilidade,observado,A,"Chen, Z., Yu, B. et al. (2021) ESSD 13:889-906, DOI 10.5194/essd-13-889-2021; dataset Harvard Dataverse 10.7910/DVN/YGIVCD (CC0). ATENCAO: prefixo de arquivo 'viirs_like_li2020_' e heranca de erro; NAO e Li et al. 2020."
inhambane,Cidade de Inhambane,MZ0801,controle,2019,769.3199956417084,0.17137892529331886,18.94499969482422,4489,251,0.05591445756293161,358.57000732421875,0.9484,True,recorte fixo (EMENDA E6); ADM2 apenas como sensibilidade,observado,A,"Chen, Z., Yu, B. et al. (2021) ESSD 13:889-906, DOI 10.5194/essd-13-889-2021; dataset Harvard Dataverse 10.7910/DVN/YGIVCD (CC0). ATENCAO: prefixo de arquivo 'viirs_like_li2020_' e heranca de erro; NAO e Li et al. 2020."
inhambane,Cidade de Inhambane,MZ0801,controle,2020,810.4900056123734,0.1805502351553516,15.709999084472656,4489,276,0.06148362664290488,392.28997802734375,0.9484,True,recorte fixo (EMENDA E6); ADM2 apenas como sensibilidade,observado,A,"Chen, Z., Yu, B. et al. (2021) ESSD 13:889-906, DOI 10.5194/essd-13-889-2021; dataset Harvard Dataverse 10.7910/DVN/YGIVCD (CC0). ATENCAO: prefixo de arquivo 'viirs_like_li2020_' e heranca de erro; NAO e Li et al. 2020."
inhambane,Cidade de Inhambane,MZ0801,controle,2021,920.1299990415573,0.20497438160872294,15.709999084472656,4489,321,0.07150813098685677,410.510009765625,0.9484,True,recorte fixo (EMENDA E6); ADM2 apenas como sensibilidade,observado,A,"Chen, Z., Yu, B. et al. (2021) ESSD 13:889-906, DOI 10.5194/essd-13-889-2021; dataset Harvard Dataverse 10.7910/DVN/YGIVCD (CC0). ATENCAO: prefixo de arquivo 'viirs_like_li2020_' e heranca de erro; NAO e Li et al. 2020."
inhambane,Cidade de Inhambane,MZ0801,controle,2022,1179.0799961090088,0.2626598342858117,17.579999923706055,4489,378,0.08420583648919581,523.89501953125,0.9484,True,recorte fixo (EMENDA E6); ADM2 apenas como sensibilidade,observado,A,"Chen, Z., Yu, B. et al. (2021) ESSD 13:889-906, DOI 10.5194/essd-13-889-2021; dataset Harvard Dataverse 10.7910/DVN/YGIVCD (CC0). ATENCAO: prefixo de arquivo 'viirs_like_li2020_' e heranca de erro; NAO e Li et al. 2020."
inhambane,Cidade de Inhambane,MZ0801,controle,2023,1231.2200013399124,0.27427489448427544,18.584999084472656,4489,402,0.08955223880597014,572.4800415039062,0.9484,True,recorte fixo (EMENDA E6); ADM2 apenas como sensibilidade,observado,A,"Chen, Z., Yu, B. et al. (2021) ESSD 13:889-906, DOI 10.5194/essd-13-889-2021; dataset Harvard Dataverse 10.7910/DVN/YGIVCD (CC0). ATENCAO: prefixo de arquivo 'viirs_like_li2020_' e heranca de erro; NAO e Li et al. 2020."
inhambane,Cidade de Inhambane,MZ0801,controle,2024,1387.0549975633621,0.3089897521860909,19.59000015258789,4489,453,0.10091334372911562,638.4149780273438,0.9484,True,recorte fixo (EMENDA E6); ADM2 apenas como sensibilidade,observado,A,"Chen, Z., Yu, B. et al. (2021) ESSD 13:889-906, DOI 10.5194/essd-13-889-2021; dataset Harvard Dataverse 10.7910/DVN/YGIVCD (CC0). ATENCAO: prefixo de arquivo 'viirs_like_li2020_' e heranca de erro; NAO e Li et al. 2020."
inhambane,Cidade de Inhambane,MZ0801,controle,2025,1697.1350002288818,0.37806527071260454,18.064998626708984,4489,526,0.11717531744263755,783.9949951171875,0.9484,True,recorte fixo (EMENDA E6); ADM2 apenas como sensibilidade,observado,A,"Chen, Z., Yu, B. et al. (2021) ESSD 13:889-906, DOI 10.5194/essd-13-889-2021; dataset Harvard Dataverse 10.7910/DVN/YGIVCD (CC0). ATENCAO: prefixo de arquivo 'viirs_like_li2020_' e heranca de erro; NAO e Li et al. 2020."
